t1_win_rate,t1_recent_win_rate,t1_titles,t1_toss_win_rate,t1_toss2win_rate,t1_seasons,t2_win_rate,t2_recent_win_rate,t2_titles,t2_toss_win_rate,t2_toss2win_rate,t2_seasons,toss_winner_is_t1,team1_wins,team1,team2,season
0.5968,0.5968,2.0,0.5,0.6452,3.0,0.5593,0.5593,0.0,0.4915,0.5517,3.0,0,0,Chennai Super Kings,Mumbai Indians,2012
0.4364,0.4364,0.0,0.4909,0.5185,3.0,0.4912,0.4912,0.0,0.5614,0.5,3.0,0,0,Kolkata Knight Riders,Delhi Daredevils,2012
0.2857,0.2857,0.0,0.3571,0.0,1.0,0.5593,0.5593,0.0,0.4915,0.5517,3.0,0,1,Pune Warriors,Mumbai Indians,2012
0.5357,0.5357,1.0,0.5,0.6429,3.0,0.4737,0.4737,0.0,0.5088,0.4138,3.0,0,1,Rajasthan Royals,Kings XI Punjab,2012
0.5,0.5,0.0,0.4032,0.52,3.0,0.4912,0.4912,0.0,0.5614,0.5,3.0,0,1,Royal Challengers Bangalore,Delhi Daredevils,2012
0.5968,0.5968,2.0,0.5,0.6452,3.0,0.4167,0.4167,0.0,0.5667,0.5,3.0,0,1,Chennai Super Kings,Deccan Chargers,2012
0.5357,0.5357,1.0,0.5,0.6429,3.0,0.4364,0.4364,0.0,0.4909,0.5185,3.0,0,1,Rajasthan Royals,Kolkata Knight Riders,2012
0.2857,0.2857,0.0,0.3571,0.0,1.0,0.4737,0.4737,0.0,0.5088,0.4138,3.0,1,1,Pune Warriors,Kings XI Punjab,2012
0.4167,0.4167,0.0,0.5667,0.5,3.0,0.5593,0.5593,0.0,0.4915,0.5517,3.0,1,0,Deccan Chargers,Mumbai Indians,2012
0.4364,0.4364,0.0,0.4909,0.5185,3.0,0.5,0.5,0.0,0.4032,0.52,3.0,0,1,Kolkata Knight Riders,Royal Challengers Bangalore,2012
0.5968,0.5968,2.0,0.5,0.6452,3.0,0.4912,0.4912,0.0,0.5614,0.5,3.0,0,0,Chennai Super Kings,Delhi Daredevils,2012
0.5593,0.5593,0.0,0.4915,0.5517,3.0,0.5357,0.5357,1.0,0.5,0.6429,3.0,0,1,Mumbai Indians,Rajasthan Royals,2012
0.5,0.5,0.0,0.4032,0.52,3.0,0.5968,0.5968,2.0,0.5,0.6452,3.0,1,0,Royal Challengers Bangalore,Chennai Super Kings,2012
0.2857,0.2857,0.0,0.3571,0.0,1.0,0.4737,0.4737,0.0,0.5088,0.4138,3.0,0,0,Pune Warriors,Kings XI Punjab,2012
0.5357,0.5357,1.0,0.5,0.6429,3.0,0.4364,0.4364,0.0,0.4909,0.5185,3.0,1,0,Rajasthan Royals,Kolkata Knight Riders,2012
0.4167,0.4167,0.0,0.5667,0.5,3.0,0.4912,0.4912,0.0,0.5614,0.5,3.0,1,0,Deccan Chargers,Delhi Daredevils,2012
0.5968,0.5968,2.0,0.5,0.6452,3.0,0.2857,0.2857,0.0,0.3571,0.0,1.0,1,0,Chennai Super Kings,Pune Warriors,2012
0.4737,0.4737,0.0,0.5088,0.4138,3.0,0.4364,0.4364,0.0,0.4909,0.5185,3.0,0,1,Kings XI Punjab,Kolkata Knight Riders,2012
0.5357,0.5357,1.0,0.5,0.6429,3.0,0.5,0.5,0.0,0.4032,0.52,3.0,1,1,Rajasthan Royals,Royal Challengers Bangalore,2012
0.5593,0.5593,0.0,0.4915,0.5517,3.0,0.4912,0.4912,0.0,0.5614,0.5,3.0,0,0,Mumbai Indians,Delhi Daredevils,2012
0.4167,0.4167,0.0,0.5667,0.5,3.0,0.5357,0.5357,1.0,0.5,0.6429,3.0,1,0,Deccan Chargers,Rajasthan Royals,2012
0.2857,0.2857,0.0,0.3571,0.0,1.0,0.5,0.5,0.0,0.4032,0.52,3.0,1,0,Pune Warriors,Royal Challengers Bangalore,2012
0.4737,0.4737,0.0,0.5088,0.4138,3.0,0.4364,0.4364,0.0,0.4909,0.5185,3.0,1,0,Kings XI Punjab,Kolkata Knight Riders,2012
0.4167,0.4167,0.0,0.5667,0.5,3.0,0.4912,0.4912,0.0,0.5614,0.5,3.0,1,0,Deccan Chargers,Delhi Daredevils,2012
0.5968,0.5968,2.0,0.5,0.6452,3.0,0.2857,0.2857,0.0,0.3571,0.0,1.0,0,1,Chennai Super Kings,Pune Warriors,2012
0.4737,0.4737,0.0,0.5088,0.4138,3.0,0.5,0.5,0.0,0.4032,0.52,3.0,0,0,Kings XI Punjab,Royal Challengers Bangalore,2012
0.5357,0.5357,1.0,0.5,0.6429,3.0,0.5968,0.5968,2.0,0.5,0.6452,3.0,1,0,Rajasthan Royals,Chennai Super Kings,2012
0.2857,0.2857,0.0,0.3571,0.0,1.0,0.4912,0.4912,0.0,0.5614,0.5,3.0,0,1,Pune Warriors,Delhi Daredevils,2012
0.5593,0.5593,0.0,0.4915,0.5517,3.0,0.4737,0.4737,0.0,0.5088,0.4138,3.0,1,0,Mumbai Indians,Kings XI Punjab,2012
0.4167,0.4167,0.0,0.5667,0.5,3.0,0.4364,0.4364,0.0,0.4909,0.5185,3.0,0,0,Deccan Chargers,Kolkata Knight Riders,2012
0.5,0.5,0.0,0.4032,0.52,3.0,0.5357,0.5357,1.0,0.5,0.6429,3.0,0,1,Royal Challengers Bangalore,Rajasthan Royals,2012
0.2857,0.2857,0.0,0.3571,0.0,1.0,0.4912,0.4912,0.0,0.5614,0.5,3.0,1,0,Pune Warriors,Delhi Daredevils,2012
0.4737,0.4737,0.0,0.5088,0.4138,3.0,0.5593,0.5593,0.0,0.4915,0.5517,3.0,1,0,Kings XI Punjab,Mumbai Indians,2012
0.4167,0.4167,0.0,0.5667,0.5,3.0,0.2857,0.2857,0.0,0.3571,0.0,1.0,1,1,Deccan Chargers,Pune Warriors,2012
0.4912,0.4912,0.0,0.5614,0.5,3.0,0.5593,0.5593,0.0,0.4915,0.5517,3.0,0,1,Delhi Daredevils,Mumbai Indians,2012
0.4737,0.4737,0.0,0.5088,0.4138,3.0,0.5968,0.5968,2.0,0.5,0.6452,3.0,1,1,Kings XI Punjab,Chennai Super Kings,2012
0.4364,0.4364,0.0,0.4909,0.5185,3.0,0.5,0.5,0.0,0.4032,0.52,3.0,1,1,Kolkata Knight Riders,Royal Challengers Bangalore,2012
0.4912,0.4912,0.0,0.5614,0.5,3.0,0.5357,0.5357,1.0,0.5,0.6429,3.0,1,1,Delhi Daredevils,Rajasthan Royals,2012
0.4167,0.4167,0.0,0.5667,0.5,3.0,0.5593,0.5593,0.0,0.4915,0.5517,3.0,0,0,Deccan Chargers,Mumbai Indians,2012
0.5968,0.5968,2.0,0.5,0.6452,3.0,0.4364,0.4364,0.0,0.4909,0.5185,3.0,1,0,Chennai Super Kings,Kolkata Knight Riders,2012
0.4167,0.4167,0.0,0.5667,0.5,3.0,0.2857,0.2857,0.0,0.3571,0.0,1.0,1,1,Deccan Chargers,Pune Warriors,2012
0.5357,0.5357,1.0,0.5,0.6429,3.0,0.4912,0.4912,0.0,0.5614,0.5,3.0,1,0,Rajasthan Royals,Delhi Daredevils,2012
0.5,0.5,0.0,0.4032,0.52,3.0,0.4737,0.4737,0.0,0.5088,0.4138,3.0,0,0,Royal Challengers Bangalore,Kings XI Punjab,2012
0.5593,0.5593,0.0,0.4915,0.5517,3.0,0.2857,0.2857,0.0,0.3571,0.0,1.0,1,1,Mumbai Indians,Pune Warriors,2012
0.5968,0.5968,2.0,0.5,0.6452,3.0,0.4167,0.4167,0.0,0.5667,0.5,3.0,1,1,Chennai Super Kings,Deccan Chargers,2012
0.4364,0.4364,0.0,0.4909,0.5185,3.0,0.2857,0.2857,0.0,0.3571,0.0,1.0,1,1,Kolkata Knight Riders,Pune Warriors,2012
0.5357,0.5357,1.0,0.5,0.6429,3.0,0.4737,0.4737,0.0,0.5088,0.4138,3.0,1,1,Rajasthan Royals,Kings XI Punjab,2012
0.5968,0.5968,2.0,0.5,0.6452,3.0,0.5593,0.5593,0.0,0.4915,0.5517,3.0,0,0,Chennai Super Kings,Mumbai Indians,2012
0.4167,0.4167,0.0,0.5667,0.5,3.0,0.5,0.5,0.0,0.4032,0.52,3.0,0,0,Deccan Chargers,Royal Challengers Bangalore,2012
0.4912,0.4912,0.0,0.5614,0.5,3.0,0.4364,0.4364,0.0,0.4909,0.5185,3.0,1,0,Delhi Daredevils,Kolkata Knight Riders,2012
0.2857,0.2857,0.0,0.3571,0.0,1.0,0.5357,0.5357,1.0,0.5,0.6429,3.0,1,0,Pune Warriors,Rajasthan Royals,2012
0.4737,0.4737,0.0,0.5088,0.4138,3.0,0.4167,0.4167,0.0,0.5667,0.5,3.0,0,1,Kings XI Punjab,Deccan Chargers,2012
0.5593,0.5593,0.0,0.4915,0.5517,3.0,0.5,0.5,0.0,0.4032,0.52,3.0,0,0,Mumbai Indians,Royal Challengers Bangalore,2012
0.5357,0.5357,1.0,0.5,0.6429,3.0,0.5968,0.5968,2.0,0.5,0.6452,3.0,0,0,Rajasthan Royals,Chennai Super Kings,2012
0.5,0.5,0.0,0.4032,0.52,3.0,0.2857,0.2857,0.0,0.3571,0.0,1.0,0,1,Royal Challengers Bangalore,Pune Warriors,2012
0.5593,0.5593,0.0,0.4915,0.5517,3.0,0.4364,0.4364,0.0,0.4909,0.5185,3.0,1,1,Mumbai Indians,Kolkata Knight Riders,2012
0.4912,0.4912,0.0,0.5614,0.5,3.0,0.5968,0.5968,2.0,0.5,0.6452,3.0,0,0,Delhi Daredevils,Chennai Super Kings,2012
0.5357,0.5357,1.0,0.5,0.6429,3.0,0.2857,0.2857,0.0,0.3571,0.0,1.0,1,1,Rajasthan Royals,Pune Warriors,2012
0.4167,0.4167,0.0,0.5667,0.5,3.0,0.4737,0.4737,0.0,0.5088,0.4138,3.0,1,0,Deccan Chargers,Kings XI Punjab,2012
0.5,0.5,0.0,0.4032,0.52,3.0,0.5593,0.5593,0.0,0.4915,0.5517,3.0,0,0,Royal Challengers Bangalore,Mumbai Indians,2012
0.4364,0.4364,0.0,0.4909,0.5185,3.0,0.5968,0.5968,2.0,0.5,0.6452,3.0,0,0,Kolkata Knight Riders,Chennai Super Kings,2012
0.4737,0.4737,0.0,0.5088,0.4138,3.0,0.4912,0.4912,0.0,0.5614,0.5,3.0,1,0,Kings XI Punjab,Delhi Daredevils,2012
0.4364,0.4364,0.0,0.4909,0.5185,3.0,0.5593,0.5593,0.0,0.4915,0.5517,3.0,0,1,Kolkata Knight Riders,Mumbai Indians,2012
0.5968,0.5968,2.0,0.5,0.6452,3.0,0.4737,0.4737,0.0,0.5088,0.4138,3.0,0,0,Chennai Super Kings,Kings XI Punjab,2012
0.5,0.5,0.0,0.4032,0.52,3.0,0.4912,0.4912,0.0,0.5614,0.5,3.0,0,1,Royal Challengers Bangalore,Delhi Daredevils,2012
0.5357,0.5357,1.0,0.5,0.6429,3.0,0.4167,0.4167,0.0,0.5667,0.5,3.0,1,0,Rajasthan Royals,Deccan Chargers,2012
0.4737,0.4737,0.0,0.5088,0.4138,3.0,0.4912,0.4912,0.0,0.5614,0.5,3.0,0,0,Kings XI Punjab,Delhi Daredevils,2012
0.4364,0.4364,0.0,0.4909,0.5185,3.0,0.2857,0.2857,0.0,0.3571,0.0,1.0,1,1,Kolkata Knight Riders,Pune Warriors,2012
0.4167,0.4167,0.0,0.5667,0.5,3.0,0.5,0.5,0.0,0.4032,0.52,3.0,0,1,Deccan Chargers,Royal Challengers Bangalore,2012
0.5357,0.5357,1.0,0.5,0.6429,3.0,0.5593,0.5593,0.0,0.4915,0.5517,3.0,1,0,Rajasthan Royals,Mumbai Indians,2012
0.4364,0.4364,0.0,0.4909,0.5185,3.0,0.4912,0.4912,0.0,0.5614,0.5,3.0,1,1,Kolkata Knight Riders,Delhi Daredevils,2012
0.5968,0.5968,2.0,0.5,0.6452,3.0,0.5593,0.5593,0.0,0.4915,0.5517,3.0,0,1,Chennai Super Kings,Mumbai Indians,2012
0.5968,0.5968,2.0,0.5,0.6452,3.0,0.4912,0.4912,0.0,0.5614,0.5,3.0,0,1,Chennai Super Kings,Delhi Daredevils,2012
0.5968,0.5968,2.0,0.5,0.6452,3.0,0.4364,0.4364,0.0,0.4909,0.5185,3.0,1,0,Chennai Super Kings,Kolkata Knight Riders,2012
0.52,0.5246,0.0,0.56,0.5,4.0,0.5,0.5085,1.0,0.4722,0.5588,4.0,0,0,Delhi Daredevils,Kolkata Knight Riders,2013
0.5065,0.5556,0.0,0.4026,0.5161,4.0,0.5658,0.5806,0.0,0.5263,0.55,4.0,0,1,Royal Challengers Bangalore,Mumbai Indians,2013
0.5139,0.4286,1.0,0.5278,0.5526,4.0,0.52,0.5246,0.0,0.56,0.5,4.0,1,1,Rajasthan Royals,Delhi Daredevils,2013
0.5658,0.5806,0.0,0.5263,0.55,4.0,0.5875,0.5938,2.0,0.475,0.6316,4.0,1,1,Mumbai Indians,Chennai Super Kings,2013
0.2667,0.2667,0.0,0.3667,0.0909,2.0,0.4795,0.431,0.0,0.5068,0.4324,4.0,1,0,Pune Warriors,Kings XI Punjab,2013
0.5139,0.4286,1.0,0.5278,0.5526,4.0,0.5,0.5085,1.0,0.4722,0.5588,4.0,0,1,Rajasthan Royals,Kolkata Knight Riders,2013
0.5658,0.5806,0.0,0.5263,0.55,4.0,0.52,0.5246,0.0,0.56,0.5,4.0,1,1,Mumbai Indians,Delhi Daredevils,2013
0.4795,0.431,0.0,0.5068,0.4324,4.0,0.5875,0.5938,2.0,0.475,0.6316,4.0,0,0,Kings XI Punjab,Chennai Super Kings,2013
0.5,0.5085,1.0,0.4722,0.5588,4.0,0.5065,0.5556,0.0,0.4026,0.5161,4.0,0,0,Kolkata Knight Riders,Royal Challengers Bangalore,2013
0.5139,0.4286,1.0,0.5278,0.5526,4.0,0.2667,0.2667,0.0,0.3667,0.0909,2.0,1,0,Rajasthan Royals,Pune Warriors,2013
0.5658,0.5806,0.0,0.5263,0.55,4.0,0.2667,0.2667,0.0,0.3667,0.0909,2.0,1,1,Mumbai Indians,Pune Warriors,2013
0.5065,0.5556,0.0,0.4026,0.5161,4.0,0.5875,0.5938,2.0,0.475,0.6316,4.0,0,0,Royal Challengers Bangalore,Chennai Super Kings,2013
0.4795,0.431,0.0,0.5068,0.4324,4.0,0.5139,0.4286,1.0,0.5278,0.5526,4.0,0,0,Kings XI Punjab,Rajasthan Royals,2013
0.2667,0.2667,0.0,0.3667,0.0909,2.0,0.5875,0.5938,2.0,0.475,0.6316,4.0,1,1,Pune Warriors,Chennai Super Kings,2013
0.4795,0.431,0.0,0.5068,0.4324,4.0,0.5,0.5085,1.0,0.4722,0.5588,4.0,0,1,Kings XI Punjab,Kolkata Knight Riders,2013
0.52,0.5246,0.0,0.56,0.5,4.0,0.5065,0.5556,0.0,0.4026,0.5161,4.0,0,0,Delhi Daredevils,Royal Challengers Bangalore,2013
0.5139,0.4286,1.0,0.5278,0.5526,4.0,0.5658,0.5806,0.0,0.5263,0.55,4.0,1,1,Rajasthan Royals,Mumbai Indians,2013
0.5875,0.5938,2.0,0.475,0.6316,4.0,0.52,0.5246,0.0,0.56,0.5,4.0,1,1,Chennai Super Kings,Delhi Daredevils,2013
0.5,0.5085,1.0,0.4722,0.5588,4.0,0.5875,0.5938,2.0,0.475,0.6316,4.0,1,0,Kolkata Knight Riders,Chennai Super Kings,2013
0.5139,0.4286,1.0,0.5278,0.5526,4.0,0.5065,0.5556,0.0,0.4026,0.5161,4.0,0,0,Rajasthan Royals,Royal Challengers Bangalore,2013
0.5658,0.5806,0.0,0.5263,0.55,4.0,0.52,0.5246,0.0,0.56,0.5,4.0,1,0,Mumbai Indians,Delhi Daredevils,2013
0.2667,0.2667,0.0,0.3667,0.0909,2.0,0.4795,0.431,0.0,0.5068,0.4324,4.0,0,0,Pune Warriors,Kings XI Punjab,2013
0.5139,0.4286,1.0,0.5278,0.5526,4.0,0.5875,0.5938,2.0,0.475,0.6316,4.0,1,0,Rajasthan Royals,Chennai Super Kings,2013
0.5065,0.5556,0.0,0.4026,0.5161,4.0,0.2667,0.2667,0.0,0.3667,0.0909,2.0,0,1,Royal Challengers Bangalore,Pune Warriors,2013
0.4795,0.431,0.0,0.5068,0.4324,4.0,0.52,0.5246,0.0,0.56,0.5,4.0,0,1,Kings XI Punjab,Delhi Daredevils,2013
0.5,0.5085,1.0,0.4722,0.5588,4.0,0.5658,0.5806,0.0,0.5263,0.55,4.0,1,0,Kolkata Knight Riders,Mumbai Indians,2013
0.4795,0.431,0.0,0.5068,0.4324,4.0,0.5,0.5085,1.0,0.4722,0.5588,4.0,1,0,Kings XI Punjab,Kolkata Knight Riders,2013
0.5658,0.5806,0.0,0.5263,0.55,4.0,0.5065,0.5556,0.0,0.4026,0.5161,4.0,1,1,Mumbai Indians,Royal Challengers Bangalore,2013
0.5875,0.5938,2.0,0.475,0.6316,4.0,0.5,0.5085,1.0,0.4722,0.5588,4.0,0,1,Chennai Super Kings,Kolkata Knight Riders,2013
0.52,0.5246,0.0,0.56,0.5,4.0,0.2667,0.2667,0.0,0.3667,0.0909,2.0,0,1,Delhi Daredevils,Pune Warriors,2013
0.5065,0.5556,0.0,0.4026,0.5161,4.0,0.5139,0.4286,1.0,0.5278,0.5526,4.0,0,0,Royal Challengers Bangalore,Rajasthan Royals,2013
0.5658,0.5806,0.0,0.5263,0.55,4.0,0.4795,0.431,0.0,0.5068,0.4324,4.0,1,1,Mumbai Indians,Kings XI Punjab,2013
0.5875,0.5938,2.0,0.475,0.6316,4.0,0.2667,0.2667,0.0,0.3667,0.0909,2.0,1,1,Chennai Super Kings,Pune Warriors,2013
0.5,0.5085,1.0,0.4722,0.5588,4.0,0.52,0.5246,0.0,0.56,0.5,4.0,1,0,Kolkata Knight Riders,Delhi Daredevils,2013
0.5875,0.5938,2.0,0.475,0.6316,4.0,0.4795,0.431,0.0,0.5068,0.4324,4.0,1,1,Chennai Super Kings,Kings XI Punjab,2013
0.5065,0.5556,0.0,0.4026,0.5161,4.0,0.2667,0.2667,0.0,0.3667,0.0909,2.0,1,1,Royal Challengers Bangalore,Pune Warriors,2013
0.5139,0.4286,1.0,0.5278,0.5526,4.0,0.5,0.5085,1.0,0.4722,0.5588,4.0,1,0,Rajasthan Royals,Kolkata Knight Riders,2013
0.5065,0.5556,0.0,0.4026,0.5161,4.0,0.4795,0.431,0.0,0.5068,0.4324,4.0,0,0,Royal Challengers Bangalore,Kings XI Punjab,2013
0.5658,0.5806,0.0,0.5263,0.55,4.0,0.5875,0.5938,2.0,0.475,0.6316,4.0,1,1,Mumbai Indians,Chennai Super Kings,2013
0.2667,0.2667,0.0,0.3667,0.0909,2.0,0.5139,0.4286,1.0,0.5278,0.5526,4.0,1,0,Pune Warriors,Rajasthan Royals,2013
0.52,0.5246,0.0,0.56,0.5,4.0,0.5139,0.4286,1.0,0.5278,0.5526,4.0,1,0,Delhi Daredevils,Rajasthan Royals,2013
0.5658,0.5806,0.0,0.5263,0.55,4.0,0.5,0.5085,1.0,0.4722,0.5588,4.0,1,1,Mumbai Indians,Kolkata Knight Riders,2013
0.4795,0.431,0.0,0.5068,0.4324,4.0,0.5139,0.4286,1.0,0.5278,0.5526,4.0,0,0,Kings XI Punjab,Rajasthan Royals,2013
0.5,0.5085,1.0,0.4722,0.5588,4.0,0.2667,0.2667,0.0,0.3667,0.0909,2.0,1,1,Kolkata Knight Riders,Pune Warriors,2013
0.5065,0.5556,0.0,0.4026,0.5161,4.0,0.52,0.5246,0.0,0.56,0.5,4.0,0,1,Royal Challengers Bangalore,Delhi Daredevils,2013
0.2667,0.2667,0.0,0.3667,0.0909,2.0,0.5658,0.5806,0.0,0.5263,0.55,4.0,1,0,Pune Warriors,Mumbai Indians,2013
0.5065,0.5556,0.0,0.4026,0.5161,4.0,0.5,0.5085,1.0,0.4722,0.5588,4.0,0,0,Royal Challengers Bangalore,Kolkata Knight Riders,2013
0.5875,0.5938,2.0,0.475,0.6316,4.0,0.5139,0.4286,1.0,0.5278,0.5526,4.0,0,0,Chennai Super Kings,Rajasthan Royals,2013
0.52,0.5246,0.0,0.56,0.5,4.0,0.4795,0.431,0.0,0.5068,0.4324,4.0,0,0,Delhi Daredevils,Kings XI Punjab,2013
0.2667,0.2667,0.0,0.3667,0.0909,2.0,0.5,0.5085,1.0,0.4722,0.5588,4.0,0,1,Pune Warriors,Kolkata Knight Riders,2013
0.5875,0.5938,2.0,0.475,0.6316,4.0,0.52,0.5246,0.0,0.56,0.5,4.0,1,1,Chennai Super Kings,Delhi Daredevils,2013
0.5658,0.5806,0.0,0.5263,0.55,4.0,0.5139,0.4286,1.0,0.5278,0.5526,4.0,0,1,Mumbai Indians,Rajasthan Royals,2013
0.5065,0.5556,0.0,0.4026,0.5161,4.0,0.4795,0.431,0.0,0.5068,0.4324,4.0,0,0,Royal Challengers Bangalore,Kings XI Punjab,2013
0.4795,0.431,0.0,0.5068,0.4324,4.0,0.5658,0.5806,0.0,0.5263,0.55,4.0,0,1,Kings XI Punjab,Mumbai Indians,2013
0.2667,0.2667,0.0,0.3667,0.0909,2.0,0.52,0.5246,0.0,0.56,0.5,4.0,1,1,Pune Warriors,Delhi Daredevils,2013
0.5065,0.5556,0.0,0.4026,0.5161,4.0,0.5875,0.5938,2.0,0.475,0.6316,4.0,0,1,Royal Challengers Bangalore,Chennai Super Kings,2013
0.5875,0.5938,2.0,0.475,0.6316,4.0,0.5658,0.5806,0.0,0.5263,0.55,4.0,1,1,Chennai Super Kings,Mumbai Indians,2013
0.5139,0.4286,1.0,0.5278,0.5526,4.0,0.5658,0.5806,0.0,0.5263,0.55,4.0,1,0,Rajasthan Royals,Mumbai Indians,2013
0.5658,0.5806,0.0,0.5263,0.55,4.0,0.5875,0.5938,2.0,0.475,0.6316,4.0,1,1,Mumbai Indians,Chennai Super Kings,2013
0.4773,0.5417,1.0,0.5227,0.5,5.0,0.5895,0.6346,1.0,0.5474,0.5769,5.0,1,1,Kolkata Knight Riders,Mumbai Indians,2014
0.4615,0.375,0.0,0.5165,0.4468,5.0,0.5054,0.5532,0.0,0.3871,0.5278,5.0,0,0,Delhi Daredevils,Royal Challengers Bangalore,2014
0.602,0.6346,2.0,0.4694,0.6739,5.0,0.4831,0.5,0.0,0.4944,0.4545,5.0,1,0,Chennai Super Kings,Kings XI Punjab,2014
0.5294,0.5294,0.0,0.4118,0.1429,1.0,0.5333,0.5106,1.0,0.5444,0.551,5.0,0,0,Sunrisers Hyderabad,Rajasthan Royals,2014
0.5895,0.6346,1.0,0.5474,0.5769,5.0,0.5054,0.5532,0.0,0.3871,0.5278,5.0,0,0,Mumbai Indians,Royal Challengers Bangalore,2014
0.4773,0.5417,1.0,0.5227,0.5,5.0,0.4615,0.375,0.0,0.5165,0.4468,5.0,1,0,Kolkata Knight Riders,Delhi Daredevils,2014
0.5333,0.5106,1.0,0.5444,0.551,5.0,0.4831,0.5,0.0,0.4944,0.4545,5.0,0,0,Rajasthan Royals,Kings XI Punjab,2014
0.602,0.6346,2.0,0.4694,0.6739,5.0,0.4615,0.375,0.0,0.5165,0.4468,5.0,1,1,Chennai Super Kings,Delhi Daredevils,2014
0.4831,0.5,0.0,0.4944,0.4545,5.0,0.5294,0.5294,0.0,0.4118,0.1429,1.0,0,1,Kings XI Punjab,Sunrisers Hyderabad,2014
0.602,0.6346,2.0,0.4694,0.6739,5.0,0.5333,0.5106,1.0,0.5444,0.551,5.0,0,1,Chennai Super Kings,Rajasthan Royals,2014
0.4773,0.5417,1.0,0.5227,0.5,5.0,0.5054,0.5532,0.0,0.3871,0.5278,5.0,0,1,Kolkata Knight Riders,Royal Challengers Bangalore,2014
0.5294,0.5294,0.0,0.4118,0.1429,1.0,0.4615,0.375,0.0,0.5165,0.4468,5.0,1,1,Sunrisers Hyderabad,Delhi Daredevils,2014
0.5895,0.6346,1.0,0.5474,0.5769,5.0,0.602,0.6346,2.0,0.4694,0.6739,5.0,1,0,Mumbai Indians,Chennai Super Kings,2014
0.5054,0.5532,0.0,0.3871,0.5278,5.0,0.5333,0.5106,1.0,0.5444,0.551,5.0,0,0,Royal Challengers Bangalore,Rajasthan Royals,2014
0.4831,0.5,0.0,0.4944,0.4545,5.0,0.4773,0.5417,1.0,0.5227,0.5,5.0,0,1,Kings XI Punjab,Kolkata Knight Riders,2014
0.5895,0.6346,1.0,0.5474,0.5769,5.0,0.4615,0.375,0.0,0.5165,0.4468,5.0,1,0,Mumbai Indians,Delhi Daredevils,2014
0.5294,0.5294,0.0,0.4118,0.1429,1.0,0.602,0.6346,2.0,0.4694,0.6739,5.0,1,0,Sunrisers Hyderabad,Chennai Super Kings,2014
0.5054,0.5532,0.0,0.3871,0.5278,5.0,0.4831,0.5,0.0,0.4944,0.4545,5.0,0,0,Royal Challengers Bangalore,Kings XI Punjab,2014
0.5333,0.5106,1.0,0.5444,0.551,5.0,0.4773,0.5417,1.0,0.5227,0.5,5.0,1,0,Rajasthan Royals,Kolkata Knight Riders,2014
0.5294,0.5294,0.0,0.4118,0.1429,1.0,0.5895,0.6346,1.0,0.5474,0.5769,5.0,0,1,Sunrisers Hyderabad,Mumbai Indians,2014
0.602,0.6346,2.0,0.4694,0.6739,5.0,0.4773,0.5417,1.0,0.5227,0.5,5.0,1,1,Chennai Super Kings,Kolkata Knight Riders,2014
0.4831,0.5,0.0,0.4944,0.4545,5.0,0.5895,0.6346,1.0,0.5474,0.5769,5.0,1,0,Kings XI Punjab,Mumbai Indians,2014
0.4615,0.375,0.0,0.5165,0.4468,5.0,0.5333,0.5106,1.0,0.5444,0.551,5.0,0,0,Delhi Daredevils,Rajasthan Royals,2014
0.5294,0.5294,0.0,0.4118,0.1429,1.0,0.5054,0.5532,0.0,0.3871,0.5278,5.0,0,0,Sunrisers Hyderabad,Royal Challengers Bangalore,2014
0.5333,0.5106,1.0,0.5444,0.551,5.0,0.4773,0.5417,1.0,0.5227,0.5,5.0,0,1,Rajasthan Royals,Kolkata Knight Riders,2014
0.4615,0.375,0.0,0.5165,0.4468,5.0,0.602,0.6346,2.0,0.4694,0.6739,5.0,0,0,Delhi Daredevils,Chennai Super Kings,2014
0.5895,0.6346,1.0,0.5474,0.5769,5.0,0.5054,0.5532,0.0,0.3871,0.5278,5.0,0,1,Mumbai Indians,Royal Challengers Bangalore,2014
0.4615,0.375,0.0,0.5165,0.4468,5.0,0.4773,0.5417,1.0,0.5227,0.5,5.0,1,0,Delhi Daredevils,Kolkata Knight Riders,2014
0.4831,0.5,0.0,0.4944,0.4545,5.0,0.602,0.6346,2.0,0.4694,0.6739,5.0,0,1,Kings XI Punjab,Chennai Super Kings,2014
0.5294,0.5294,0.0,0.4118,0.1429,1.0,0.5333,0.5106,1.0,0.5444,0.551,5.0,0,1,Sunrisers Hyderabad,Rajasthan Royals,2014
0.4831,0.5,0.0,0.4944,0.4545,5.0,0.5054,0.5532,0.0,0.3871,0.5278,5.0,0,1,Kings XI Punjab,Royal Challengers Bangalore,2014
0.4615,0.375,0.0,0.5165,0.4468,5.0,0.5294,0.5294,0.0,0.4118,0.1429,1.0,0,0,Delhi Daredevils,Sunrisers Hyderabad,2014
0.5895,0.6346,1.0,0.5474,0.5769,5.0,0.602,0.6346,2.0,0.4694,0.6739,5.0,0,0,Mumbai Indians,Chennai Super Kings,2014
0.4831,0.5,0.0,0.4944,0.4545,5.0,0.4773,0.5417,1.0,0.5227,0.5,5.0,0,0,Kings XI Punjab,Kolkata Knight Riders,2014
0.5054,0.5532,0.0,0.3871,0.5278,5.0,0.5333,0.5106,1.0,0.5444,0.551,5.0,1,0,Royal Challengers Bangalore,Rajasthan Royals,2014
0.5294,0.5294,0.0,0.4118,0.1429,1.0,0.5895,0.6346,1.0,0.5474,0.5769,5.0,1,0,Sunrisers Hyderabad,Mumbai Indians,2014
0.5333,0.5106,1.0,0.5444,0.551,5.0,0.602,0.6346,2.0,0.4694,0.6739,5.0,1,0,Rajasthan Royals,Chennai Super Kings,2014
0.5054,0.5532,0.0,0.3871,0.5278,5.0,0.4615,0.375,0.0,0.5165,0.4468,5.0,0,1,Royal Challengers Bangalore,Delhi Daredevils,2014
0.5294,0.5294,0.0,0.4118,0.1429,1.0,0.4831,0.5,0.0,0.4944,0.4545,5.0,0,0,Sunrisers Hyderabad,Kings XI Punjab,2014
0.5895,0.6346,1.0,0.5474,0.5769,5.0,0.4773,0.5417,1.0,0.5227,0.5,5.0,0,0,Mumbai Indians,Kolkata Knight Riders,2014
0.5333,0.5106,1.0,0.5444,0.551,5.0,0.4615,0.375,0.0,0.5165,0.4468,5.0,0,1,Rajasthan Royals,Delhi Daredevils,2014
0.602,0.6346,2.0,0.4694,0.6739,5.0,0.5054,0.5532,0.0,0.3871,0.5278,5.0,1,0,Chennai Super Kings,Royal Challengers Bangalore,2014
0.5294,0.5294,0.0,0.4118,0.1429,1.0,0.4773,0.5417,1.0,0.5227,0.5,5.0,1,0,Sunrisers Hyderabad,Kolkata Knight Riders,2014
0.5895,0.6346,1.0,0.5474,0.5769,5.0,0.5333,0.5106,1.0,0.5444,0.551,5.0,1,1,Mumbai Indians,Rajasthan Royals,2014
0.4615,0.375,0.0,0.5165,0.4468,5.0,0.4831,0.5,0.0,0.4944,0.4545,5.0,0,0,Delhi Daredevils,Kings XI Punjab,2014
0.5054,0.5532,0.0,0.3871,0.5278,5.0,0.5294,0.5294,0.0,0.4118,0.1429,1.0,1,0,Royal Challengers Bangalore,Sunrisers Hyderabad,2014
0.602,0.6346,2.0,0.4694,0.6739,5.0,0.4773,0.5417,1.0,0.5227,0.5,5.0,0,0,Chennai Super Kings,Kolkata Knight Riders,2014
0.4831,0.5,0.0,0.4944,0.4545,5.0,0.5895,0.6346,1.0,0.5474,0.5769,5.0,0,0,Kings XI Punjab,Mumbai Indians,2014
0.4773,0.5417,1.0,0.5227,0.5,5.0,0.5054,0.5532,0.0,0.3871,0.5278,5.0,0,1,Kolkata Knight Riders,Royal Challengers Bangalore,2014
0.602,0.6346,2.0,0.4694,0.6739,5.0,0.5294,0.5294,0.0,0.4118,0.1429,1.0,0,0,Chennai Super Kings,Sunrisers Hyderabad,2014
0.5895,0.6346,1.0,0.5474,0.5769,5.0,0.4615,0.375,0.0,0.5165,0.4468,5.0,0,1,Mumbai Indians,Delhi Daredevils,2014
0.4831,0.5,0.0,0.4944,0.4545,5.0,0.5333,0.5106,1.0,0.5444,0.551,5.0,0,1,Kings XI Punjab,Rajasthan Royals,2014
0.5054,0.5532,0.0,0.3871,0.5278,5.0,0.602,0.6346,2.0,0.4694,0.6739,5.0,0,0,Royal Challengers Bangalore,Chennai Super Kings,2014
0.5294,0.5294,0.0,0.4118,0.1429,1.0,0.4773,0.5417,1.0,0.5227,0.5,5.0,0,0,Sunrisers Hyderabad,Kolkata Knight Riders,2014
0.4615,0.375,0.0,0.5165,0.4468,5.0,0.4831,0.5,0.0,0.4944,0.4545,5.0,0,0,Delhi Daredevils,Kings XI Punjab,2014
0.5333,0.5106,1.0,0.5444,0.551,5.0,0.5895,0.6346,1.0,0.5474,0.5769,5.0,0,0,Rajasthan Royals,Mumbai Indians,2014
0.4773,0.5417,1.0,0.5227,0.5,5.0,0.4831,0.5,0.0,0.4944,0.4545,5.0,0,1,Kolkata Knight Riders,Kings XI Punjab,2014
0.5895,0.6346,1.0,0.5474,0.5769,5.0,0.602,0.6346,2.0,0.4694,0.6739,5.0,0,0,Mumbai Indians,Chennai Super Kings,2014
0.4831,0.5,0.0,0.4944,0.4545,5.0,0.602,0.6346,2.0,0.4694,0.6739,5.0,0,1,Kings XI Punjab,Chennai Super Kings,2014
0.4831,0.5,0.0,0.4944,0.4545,5.0,0.4773,0.5417,1.0,0.5227,0.5,5.0,0,0,Kings XI Punjab,Kolkata Knight Riders,2014
0.5727,0.5882,1.0,0.5273,0.569,6.0,0.5096,0.5918,2.0,0.5288,0.5273,6.0,0,0,Mumbai Indians,Kolkata Knight Riders,2015
0.6053,0.6154,2.0,0.4912,0.6607,6.0,0.419,0.3333,0.0,0.4857,0.4118,6.0,0,1,Chennai Super Kings,Delhi Daredevils,2015
0.5192,0.5,1.0,0.5481,0.5263,6.0,0.5189,0.5714,0.0,0.4811,0.4902,6.0,0,1,Rajasthan Royals,Kings XI Punjab,2015
0.6053,0.6154,2.0,0.4912,0.6607,6.0,0.4839,0.4839,0.0,0.4516,0.2857,2.0,1,1,Chennai Super Kings,Sunrisers Hyderabad,2015
0.5096,0.5918,2.0,0.5288,0.5273,6.0,0.486,0.4667,0.0,0.4206,0.4889,6.0,0,0,Kolkata Knight Riders,Royal Challengers Bangalore,2015
0.419,0.3333,0.0,0.4857,0.4118,6.0,0.5192,0.5,1.0,0.5481,0.5263,6.0,0,0,Delhi Daredevils,Rajasthan Royals,2015
0.5189,0.5714,0.0,0.4811,0.4902,6.0,0.5727,0.5882,1.0,0.5273,0.569,6.0,0,1,Kings XI Punjab,Mumbai Indians,2015
0.486,0.4667,0.0,0.4206,0.4889,6.0,0.4839,0.4839,0.0,0.4516,0.2857,2.0,0,0,Royal Challengers Bangalore,Sunrisers Hyderabad,2015
0.5727,0.5882,1.0,0.5273,0.569,6.0,0.5192,0.5,1.0,0.5481,0.5263,6.0,1,0,Mumbai Indians,Rajasthan Royals,2015
0.6053,0.6154,2.0,0.4912,0.6607,6.0,0.5096,0.5918,2.0,0.5288,0.5273,6.0,0,0,Chennai Super Kings,Kolkata Knight Riders,2015
0.5189,0.5714,0.0,0.4811,0.4902,6.0,0.419,0.3333,0.0,0.4857,0.4118,6.0,1,0,Kings XI Punjab,Delhi Daredevils,2015
0.4839,0.4839,0.0,0.4516,0.2857,2.0,0.5192,0.5,1.0,0.5481,0.5263,6.0,0,0,Sunrisers Hyderabad,Rajasthan Royals,2015
0.5727,0.5882,1.0,0.5273,0.569,6.0,0.6053,0.6154,2.0,0.4912,0.6607,6.0,1,0,Mumbai Indians,Chennai Super Kings,2015
0.419,0.3333,0.0,0.4857,0.4118,6.0,0.4839,0.4839,0.0,0.4516,0.2857,2.0,1,1,Delhi Daredevils,Sunrisers Hyderabad,2015
0.5189,0.5714,0.0,0.4811,0.4902,6.0,0.5096,0.5918,2.0,0.5288,0.5273,6.0,0,0,Kings XI Punjab,Kolkata Knight Riders,2015
0.6053,0.6154,2.0,0.4912,0.6607,6.0,0.5192,0.5,1.0,0.5481,0.5263,6.0,1,0,Chennai Super Kings,Rajasthan Royals,2015
0.5727,0.5882,1.0,0.5273,0.569,6.0,0.486,0.4667,0.0,0.4206,0.4889,6.0,0,1,Mumbai Indians,Royal Challengers Bangalore,2015
0.419,0.3333,0.0,0.4857,0.4118,6.0,0.5096,0.5918,2.0,0.5288,0.5273,6.0,0,0,Delhi Daredevils,Kolkata Knight Riders,2015
0.5192,0.5,1.0,0.5481,0.5263,6.0,0.5189,0.5714,0.0,0.4811,0.4902,6.0,0,0,Rajasthan Royals,Kings XI Punjab,2015
0.4839,0.4839,0.0,0.4516,0.2857,2.0,0.5096,0.5918,2.0,0.5288,0.5273,6.0,0,1,Sunrisers Hyderabad,Kolkata Knight Riders,2015
0.6053,0.6154,2.0,0.4912,0.6607,6.0,0.486,0.4667,0.0,0.4206,0.4889,6.0,0,1,Chennai Super Kings,Royal Challengers Bangalore,2015
0.419,0.3333,0.0,0.4857,0.4118,6.0,0.5727,0.5882,1.0,0.5273,0.569,6.0,0,1,Delhi Daredevils,Mumbai Indians,2015
0.5192,0.5,1.0,0.5481,0.5263,6.0,0.486,0.4667,0.0,0.4206,0.4889,6.0,0,0,Rajasthan Royals,Royal Challengers Bangalore,2015
0.5727,0.5882,1.0,0.5273,0.569,6.0,0.4839,0.4839,0.0,0.4516,0.2857,2.0,1,1,Mumbai Indians,Sunrisers Hyderabad,2015
0.6053,0.6154,2.0,0.4912,0.6607,6.0,0.5189,0.5714,0.0,0.4811,0.4902,6.0,1,1,Chennai Super Kings,Kings XI Punjab,2015
0.419,0.3333,0.0,0.4857,0.4118,6.0,0.486,0.4667,0.0,0.4206,0.4889,6.0,0,0,Delhi Daredevils,Royal Challengers Bangalore,2015
0.4839,0.4839,0.0,0.4516,0.2857,2.0,0.5189,0.5714,0.0,0.4811,0.4902,6.0,0,1,Sunrisers Hyderabad,Kings XI Punjab,2015
0.5096,0.5918,2.0,0.5288,0.5273,6.0,0.419,0.3333,0.0,0.4857,0.4118,6.0,1,1,Kolkata Knight Riders,Delhi Daredevils,2015
0.486,0.4667,0.0,0.4206,0.4889,6.0,0.5192,0.5,1.0,0.5481,0.5263,6.0,0,0,Royal Challengers Bangalore,Rajasthan Royals,2015
0.6053,0.6154,2.0,0.4912,0.6607,6.0,0.5096,0.5918,2.0,0.5288,0.5273,6.0,0,1,Chennai Super Kings,Kolkata Knight Riders,2015
0.5189,0.5714,0.0,0.4811,0.4902,6.0,0.419,0.3333,0.0,0.4857,0.4118,6.0,0,0,Kings XI Punjab,Delhi Daredevils,2015
0.5727,0.5882,1.0,0.5273,0.569,6.0,0.5192,0.5,1.0,0.5481,0.5263,6.0,0,1,Mumbai Indians,Rajasthan Royals,2015
0.5096,0.5918,2.0,0.5288,0.5273,6.0,0.486,0.4667,0.0,0.4206,0.4889,6.0,0,0,Kolkata Knight Riders,Royal Challengers Bangalore,2015
0.4839,0.4839,0.0,0.4516,0.2857,2.0,0.6053,0.6154,2.0,0.4912,0.6607,6.0,0,1,Sunrisers Hyderabad,Chennai Super Kings,2015
0.5727,0.5882,1.0,0.5273,0.569,6.0,0.5189,0.5714,0.0,0.4811,0.4902,6.0,1,1,Mumbai Indians,Kings XI Punjab,2015
0.5192,0.5,1.0,0.5481,0.5263,6.0,0.419,0.3333,0.0,0.4857,0.4118,6.0,0,1,Rajasthan Royals,Delhi Daredevils,2015
0.6053,0.6154,2.0,0.4912,0.6607,6.0,0.486,0.4667,0.0,0.4206,0.4889,6.0,1,1,Chennai Super Kings,Royal Challengers Bangalore,2015
0.5096,0.5918,2.0,0.5288,0.5273,6.0,0.4839,0.4839,0.0,0.4516,0.2857,2.0,0,1,Kolkata Knight Riders,Sunrisers Hyderabad,2015
0.419,0.3333,0.0,0.4857,0.4118,6.0,0.5727,0.5882,1.0,0.5273,0.569,6.0,1,0,Delhi Daredevils,Mumbai Indians,2015
0.486,0.4667,0.0,0.4206,0.4889,6.0,0.5189,0.5714,0.0,0.4811,0.4902,6.0,0,1,Royal Challengers Bangalore,Kings XI Punjab,2015
0.4839,0.4839,0.0,0.4516,0.2857,2.0,0.5192,0.5,1.0,0.5481,0.5263,6.0,0,1,Sunrisers Hyderabad,Rajasthan Royals,2015
0.6053,0.6154,2.0,0.4912,0.6607,6.0,0.5727,0.5882,1.0,0.5273,0.569,6.0,1,0,Chennai Super Kings,Mumbai Indians,2015
0.5189,0.5714,0.0,0.4811,0.4902,6.0,0.5096,0.5918,2.0,0.5288,0.5273,6.0,1,0,Kings XI Punjab,Kolkata Knight Riders,2015
0.4839,0.4839,0.0,0.4516,0.2857,2.0,0.419,0.3333,0.0,0.4857,0.4118,6.0,1,1,Sunrisers Hyderabad,Delhi Daredevils,2015
0.486,0.4667,0.0,0.4206,0.4889,6.0,0.5727,0.5882,1.0,0.5273,0.569,6.0,1,1,Royal Challengers Bangalore,Mumbai Indians,2015
0.6053,0.6154,2.0,0.4912,0.6607,6.0,0.5192,0.5,1.0,0.5481,0.5263,6.0,1,1,Chennai Super Kings,Rajasthan Royals,2015
0.4839,0.4839,0.0,0.4516,0.2857,2.0,0.5189,0.5714,0.0,0.4811,0.4902,6.0,1,1,Sunrisers Hyderabad,Kings XI Punjab,2015
0.6053,0.6154,2.0,0.4912,0.6607,6.0,0.419,0.3333,0.0,0.4857,0.4118,6.0,1,0,Chennai Super Kings,Delhi Daredevils,2015
0.5189,0.5714,0.0,0.4811,0.4902,6.0,0.486,0.4667,0.0,0.4206,0.4889,6.0,0,1,Kings XI Punjab,Royal Challengers Bangalore,2015
0.5727,0.5882,1.0,0.5273,0.569,6.0,0.5096,0.5918,2.0,0.5288,0.5273,6.0,0,1,Mumbai Indians,Kolkata Knight Riders,2015
0.4839,0.4839,0.0,0.4516,0.2857,2.0,0.486,0.4667,0.0,0.4206,0.4889,6.0,1,0,Sunrisers Hyderabad,Royal Challengers Bangalore,2015
0.5189,0.5714,0.0,0.4811,0.4902,6.0,0.6053,0.6154,2.0,0.4912,0.6607,6.0,1,0,Kings XI Punjab,Chennai Super Kings,2015
0.5192,0.5,1.0,0.5481,0.5263,6.0,0.5096,0.5918,2.0,0.5288,0.5273,6.0,1,1,Rajasthan Royals,Kolkata Knight Riders,2015
0.419,0.3333,0.0,0.4857,0.4118,6.0,0.486,0.4667,0.0,0.4206,0.4889,6.0,0,0,Delhi Daredevils,Royal Challengers Bangalore,2015
0.4839,0.4839,0.0,0.4516,0.2857,2.0,0.5727,0.5882,1.0,0.5273,0.569,6.0,1,0,Sunrisers Hyderabad,Mumbai Indians,2015
0.5727,0.5882,1.0,0.5273,0.569,6.0,0.6053,0.6154,2.0,0.4912,0.6607,6.0,1,1,Mumbai Indians,Chennai Super Kings,2015
0.486,0.4667,0.0,0.4206,0.4889,6.0,0.5192,0.5,1.0,0.5481,0.5263,6.0,1,1,Royal Challengers Bangalore,Rajasthan Royals,2015
0.486,0.4667,0.0,0.4206,0.4889,6.0,0.6053,0.6154,2.0,0.4912,0.6607,6.0,0,0,Royal Challengers Bangalore,Chennai Super Kings,2015
0.5727,0.5882,1.0,0.5273,0.569,6.0,0.6053,0.6154,2.0,0.4912,0.6607,6.0,0,1,Mumbai Indians,Chennai Super Kings,2015
0.4118,0.2273,0.0,0.4706,0.4107,7.0,0.5128,0.5333,2.0,0.5385,0.5397,7.0,0,0,Delhi Daredevils,Kolkata Knight Riders,2016
0.4878,0.4565,0.0,0.4472,0.5091,7.0,0.4889,0.4889,0.0,0.4444,0.35,3.0,0,1,Royal Challengers Bangalore,Sunrisers Hyderabad,2016
0.5128,0.5333,2.0,0.5385,0.5397,7.0,0.5794,0.6,2.0,0.5159,0.5538,7.0,0,0,Kolkata Knight Riders,Mumbai Indians,2016
0.475,0.4681,0.0,0.4833,0.431,7.0,0.4118,0.2273,0.0,0.4706,0.4107,7.0,0,0,Kings XI Punjab,Delhi Daredevils,2016
0.4889,0.4889,0.0,0.4444,0.35,3.0,0.5128,0.5333,2.0,0.5385,0.5397,7.0,1,0,Sunrisers Hyderabad,Kolkata Knight Riders,2016
0.4878,0.4565,0.0,0.4472,0.5091,7.0,0.4118,0.2273,0.0,0.4706,0.4107,7.0,0,0,Royal Challengers Bangalore,Delhi Daredevils,2016
0.5794,0.6,2.0,0.5159,0.5538,7.0,0.4889,0.4889,0.0,0.4444,0.35,3.0,0,0,Mumbai Indians,Sunrisers Hyderabad,2016
0.475,0.4681,0.0,0.4833,0.431,7.0,0.5128,0.5333,2.0,0.5385,0.5397,7.0,0,0,Kings XI Punjab,Kolkata Knight Riders,2016
0.4878,0.4565,0.0,0.4472,0.5091,7.0,0.5794,0.6,2.0,0.5159,0.5538,7.0,0,0,Royal Challengers Bangalore,Mumbai Indians,2016
0.4118,0.2273,0.0,0.4706,0.4107,7.0,0.5794,0.6,2.0,0.5159,0.5538,7.0,0,1,Delhi Daredevils,Mumbai Indians,2016
0.475,0.4681,0.0,0.4833,0.431,7.0,0.4889,0.4889,0.0,0.4444,0.35,3.0,0,0,Kings XI Punjab,Sunrisers Hyderabad,2016
0.5794,0.6,2.0,0.5159,0.5538,7.0,0.475,0.4681,0.0,0.4833,0.431,7.0,0,1,Mumbai Indians,Kings XI Punjab,2016
0.5128,0.5333,2.0,0.5385,0.5397,7.0,0.5794,0.6,2.0,0.5159,0.5538,7.0,0,0,Kolkata Knight Riders,Mumbai Indians,2016
0.4118,0.2273,0.0,0.4706,0.4107,7.0,0.5128,0.5333,2.0,0.5385,0.5397,7.0,0,1,Delhi Daredevils,Kolkata Knight Riders,2016
0.4889,0.4889,0.0,0.4444,0.35,3.0,0.4878,0.4565,0.0,0.4472,0.5091,7.0,0,1,Sunrisers Hyderabad,Royal Challengers Bangalore,2016
0.4878,0.4565,0.0,0.4472,0.5091,7.0,0.5128,0.5333,2.0,0.5385,0.5397,7.0,0,0,Royal Challengers Bangalore,Kolkata Knight Riders,2016
0.5128,0.5333,2.0,0.5385,0.5397,7.0,0.475,0.4681,0.0,0.4833,0.431,7.0,0,1,Kolkata Knight Riders,Kings XI Punjab,2016
0.475,0.4681,0.0,0.4833,0.431,7.0,0.4118,0.2273,0.0,0.4706,0.4107,7.0,0,1,Kings XI Punjab,Delhi Daredevils,2016
0.4889,0.4889,0.0,0.4444,0.35,3.0,0.5794,0.6,2.0,0.5159,0.5538,7.0,0,1,Sunrisers Hyderabad,Mumbai Indians,2016
0.4878,0.4565,0.0,0.4472,0.5091,7.0,0.475,0.4681,0.0,0.4833,0.431,7.0,0,1,Royal Challengers Bangalore,Kings XI Punjab,2016
0.4878,0.4565,0.0,0.4472,0.5091,7.0,0.5794,0.6,2.0,0.5159,0.5538,7.0,0,0,Royal Challengers Bangalore,Mumbai Indians,2016
0.4889,0.4889,0.0,0.4444,0.35,3.0,0.4118,0.2273,0.0,0.4706,0.4107,7.0,0,0,Sunrisers Hyderabad,Delhi Daredevils,2016
0.5794,0.6,2.0,0.5159,0.5538,7.0,0.475,0.4681,0.0,0.4833,0.431,7.0,1,0,Mumbai Indians,Kings XI Punjab,2016
0.475,0.4681,0.0,0.4833,0.431,7.0,0.4889,0.4889,0.0,0.4444,0.35,3.0,1,0,Kings XI Punjab,Sunrisers Hyderabad,2016
0.5794,0.6,2.0,0.5159,0.5538,7.0,0.4118,0.2273,0.0,0.4706,0.4107,7.0,0,1,Mumbai Indians,Delhi Daredevils,2016
0.5128,0.5333,2.0,0.5385,0.5397,7.0,0.4878,0.4565,0.0,0.4472,0.5091,7.0,0,0,Kolkata Knight Riders,Royal Challengers Bangalore,2016
0.4878,0.4565,0.0,0.4472,0.5091,7.0,0.475,0.4681,0.0,0.4833,0.431,7.0,0,1,Royal Challengers Bangalore,Kings XI Punjab,2016
0.4889,0.4889,0.0,0.4444,0.35,3.0,0.4118,0.2273,0.0,0.4706,0.4107,7.0,0,0,Sunrisers Hyderabad,Delhi Daredevils,2016
0.5128,0.5333,2.0,0.5385,0.5397,7.0,0.4889,0.4889,0.0,0.4444,0.35,3.0,0,1,Kolkata Knight Riders,Sunrisers Hyderabad,2016
0.4118,0.2273,0.0,0.4706,0.4107,7.0,0.4878,0.4565,0.0,0.4472,0.5091,7.0,0,0,Delhi Daredevils,Royal Challengers Bangalore,2016
0.4889,0.4889,0.0,0.4444,0.35,3.0,0.5128,0.5333,2.0,0.5385,0.5397,7.0,0,1,Sunrisers Hyderabad,Kolkata Knight Riders,2016
0.4889,0.4889,0.0,0.4444,0.35,3.0,0.4878,0.4565,0.0,0.4472,0.5091,7.0,1,1,Sunrisers Hyderabad,Royal Challengers Bangalore,2016
0.5323,0.5333,1.0,0.4839,0.4667,4.0,0.4964,0.4783,0.0,0.4388,0.5246,8.0,0,1,Sunrisers Hyderabad,Royal Challengers Bangalore,2017
0.5625,0.5625,0.0,0.5,0.75,1.0,0.5152,0.5909,2.0,0.5227,0.5507,8.0,0,0,Gujarat Lions,Kolkata Knight Riders,2017
0.4964,0.4783,0.0,0.4388,0.5246,8.0,0.4211,0.3333,0.0,0.4812,0.4375,8.0,1,1,Royal Challengers Bangalore,Delhi Daredevils,2017
0.5625,0.5625,0.0,0.5,0.75,1.0,0.5323,0.5333,1.0,0.4839,0.4667,4.0,0,0,Gujarat Lions,Sunrisers Hyderabad,2017
0.5152,0.5909,2.0,0.5227,0.5507,8.0,0.5714,0.5333,2.0,0.5286,0.5541,8.0,0,0,Kolkata Knight Riders,Mumbai Indians,2017
0.4964,0.4783,0.0,0.4388,0.5246,8.0,0.4552,0.4,0.0,0.4776,0.3906,8.0,1,0,Royal Challengers Bangalore,Kings XI Punjab,2017
0.5323,0.5333,1.0,0.4839,0.4667,4.0,0.5714,0.5333,2.0,0.5286,0.5541,8.0,0,0,Sunrisers Hyderabad,Mumbai Indians,2017
0.4552,0.4,0.0,0.4776,0.3906,8.0,0.5152,0.5909,2.0,0.5227,0.5507,8.0,0,0,Kings XI Punjab,Kolkata Knight Riders,2017
0.4964,0.4783,0.0,0.4388,0.5246,8.0,0.5714,0.5333,2.0,0.5286,0.5541,8.0,0,0,Royal Challengers Bangalore,Mumbai Indians,2017
0.5152,0.5909,2.0,0.5227,0.5507,8.0,0.5323,0.5333,1.0,0.4839,0.4667,4.0,0,1,Kolkata Knight Riders,Sunrisers Hyderabad,2017
0.4211,0.3333,0.0,0.4812,0.4375,8.0,0.4552,0.4,0.0,0.4776,0.3906,8.0,1,1,Delhi Daredevils,Kings XI Punjab,2017
0.5625,0.5625,0.0,0.5,0.75,1.0,0.5714,0.5333,2.0,0.5286,0.5541,8.0,0,0,Gujarat Lions,Mumbai Indians,2017
0.4211,0.3333,0.0,0.4812,0.4375,8.0,0.5152,0.5909,2.0,0.5227,0.5507,8.0,1,0,Delhi Daredevils,Kolkata Knight Riders,2017
0.5323,0.5333,1.0,0.4839,0.4667,4.0,0.4552,0.4,0.0,0.4776,0.3906,8.0,0,1,Sunrisers Hyderabad,Kings XI Punjab,2017
0.4964,0.4783,0.0,0.4388,0.5246,8.0,0.5625,0.5625,0.0,0.5,0.75,1.0,0,1,Royal Challengers Bangalore,Gujarat Lions,2017
0.5323,0.5333,1.0,0.4839,0.4667,4.0,0.4211,0.3333,0.0,0.4812,0.4375,8.0,1,1,Sunrisers Hyderabad,Delhi Daredevils,2017
0.4552,0.4,0.0,0.4776,0.3906,8.0,0.5714,0.5333,2.0,0.5286,0.5541,8.0,0,0,Kings XI Punjab,Mumbai Indians,2017
0.5152,0.5909,2.0,0.5227,0.5507,8.0,0.5625,0.5625,0.0,0.5,0.75,1.0,0,0,Kolkata Knight Riders,Gujarat Lions,2017
0.5714,0.5333,2.0,0.5286,0.5541,8.0,0.4211,0.3333,0.0,0.4812,0.4375,8.0,0,1,Mumbai Indians,Delhi Daredevils,2017
0.4552,0.4,0.0,0.4776,0.3906,8.0,0.5625,0.5625,0.0,0.5,0.75,1.0,0,1,Kings XI Punjab,Gujarat Lions,2017
0.5152,0.5909,2.0,0.5227,0.5507,8.0,0.4964,0.4783,0.0,0.4388,0.5246,8.0,0,1,Kolkata Knight Riders,Royal Challengers Bangalore,2017
0.4964,0.4783,0.0,0.4388,0.5246,8.0,0.5625,0.5625,0.0,0.5,0.75,1.0,0,0,Royal Challengers Bangalore,Gujarat Lions,2017
0.4211,0.3333,0.0,0.4812,0.4375,8.0,0.5152,0.5909,2.0,0.5227,0.5507,8.0,0,0,Delhi Daredevils,Kolkata Knight Riders,2017
0.5323,0.5333,1.0,0.4839,0.4667,4.0,0.4552,0.4,0.0,0.4776,0.3906,8.0,0,1,Sunrisers Hyderabad,Kings XI Punjab,2017
0.5625,0.5625,0.0,0.5,0.75,1.0,0.5714,0.5333,2.0,0.5286,0.5541,8.0,1,0,Gujarat Lions,Mumbai Indians,2017
0.4211,0.3333,0.0,0.4812,0.4375,8.0,0.4552,0.4,0.0,0.4776,0.3906,8.0,0,0,Delhi Daredevils,Kings XI Punjab,2017
0.5323,0.5333,1.0,0.4839,0.4667,4.0,0.5152,0.5909,2.0,0.5227,0.5507,8.0,0,1,Sunrisers Hyderabad,Kolkata Knight Riders,2017
0.4964,0.4783,0.0,0.4388,0.5246,8.0,0.5714,0.5333,2.0,0.5286,0.5541,8.0,1,0,Royal Challengers Bangalore,Mumbai Indians,2017
0.5323,0.5333,1.0,0.4839,0.4667,4.0,0.4211,0.3333,0.0,0.4812,0.4375,8.0,0,0,Sunrisers Hyderabad,Delhi Daredevils,2017
0.5625,0.5625,0.0,0.5,0.75,1.0,0.4211,0.3333,0.0,0.4812,0.4375,8.0,0,0,Gujarat Lions,Delhi Daredevils,2017
0.4552,0.4,0.0,0.4776,0.3906,8.0,0.4964,0.4783,0.0,0.4388,0.5246,8.0,0,1,Kings XI Punjab,Royal Challengers Bangalore,2017
0.5714,0.5333,2.0,0.5286,0.5541,8.0,0.4211,0.3333,0.0,0.4812,0.4375,8.0,0,1,Mumbai Indians,Delhi Daredevils,2017
0.4964,0.4783,0.0,0.4388,0.5246,8.0,0.5152,0.5909,2.0,0.5227,0.5507,8.0,0,0,Royal Challengers Bangalore,Kolkata Knight Riders,2017
0.4552,0.4,0.0,0.4776,0.3906,8.0,0.5625,0.5625,0.0,0.5,0.75,1.0,0,0,Kings XI Punjab,Gujarat Lions,2017
0.5714,0.5333,2.0,0.5286,0.5541,8.0,0.5323,0.5333,1.0,0.4839,0.4667,4.0,1,0,Mumbai Indians,Sunrisers Hyderabad,2017
0.4552,0.4,0.0,0.4776,0.3906,8.0,0.5152,0.5909,2.0,0.5227,0.5507,8.0,0,1,Kings XI Punjab,Kolkata Knight Riders,2017
0.5625,0.5625,0.0,0.5,0.75,1.0,0.4211,0.3333,0.0,0.4812,0.4375,8.0,0,0,Gujarat Lions,Delhi Daredevils,2017
0.4552,0.4,0.0,0.4776,0.3906,8.0,0.5714,0.5333,2.0,0.5286,0.5541,8.0,0,1,Kings XI Punjab,Mumbai Indians,2017
0.5625,0.5625,0.0,0.5,0.75,1.0,0.5323,0.5333,1.0,0.4839,0.4667,4.0,0,0,Gujarat Lions,Sunrisers Hyderabad,2017
0.5714,0.5333,2.0,0.5286,0.5541,8.0,0.5152,0.5909,2.0,0.5227,0.5507,8.0,0,1,Mumbai Indians,Kolkata Knight Riders,2017
0.4964,0.4783,0.0,0.4388,0.5246,8.0,0.4211,0.3333,0.0,0.4812,0.4375,8.0,1,1,Royal Challengers Bangalore,Delhi Daredevils,2017
0.5323,0.5333,1.0,0.4839,0.4667,4.0,0.5152,0.5909,2.0,0.5227,0.5507,8.0,0,0,Sunrisers Hyderabad,Kolkata Knight Riders,2017
0.5152,0.5909,2.0,0.5227,0.5507,8.0,0.5714,0.5333,2.0,0.5286,0.5541,8.0,0,0,Kolkata Knight Riders,Mumbai Indians,2017
0.5796,0.5957,3.0,0.5414,0.5647,9.0,0.6031,0.5882,2.0,0.5038,0.6364,7.0,0,0,Mumbai Indians,Chennai Super Kings,2018
0.4218,0.4286,0.0,0.4898,0.4583,9.0,0.4595,0.3095,0.0,0.4595,0.3971,9.0,0,0,Delhi Daredevils,Kings XI Punjab,2018
0.4737,0.4444,0.0,0.4605,0.4857,9.0,0.5203,0.5455,2.0,0.527,0.5641,9.0,0,0,Royal Challengers Bangalore,Kolkata Knight Riders,2018
0.5169,0.5,1.0,0.5339,0.5238,7.0,0.5395,0.5778,1.0,0.4605,0.4857,5.0,0,0,Rajasthan Royals,Sunrisers Hyderabad,2018
0.5203,0.5455,2.0,0.527,0.5641,9.0,0.6031,0.5882,2.0,0.5038,0.6364,7.0,0,0,Kolkata Knight Riders,Chennai Super Kings,2018
0.5169,0.5,1.0,0.5339,0.5238,7.0,0.4218,0.4286,0.0,0.4898,0.4583,9.0,0,1,Rajasthan Royals,Delhi Daredevils,2018
0.5796,0.5957,3.0,0.5414,0.5647,9.0,0.5395,0.5778,1.0,0.4605,0.4857,5.0,0,0,Mumbai Indians,Sunrisers Hyderabad,2018
0.4595,0.3095,0.0,0.4595,0.3971,9.0,0.4737,0.4444,0.0,0.4605,0.4857,9.0,0,0,Kings XI Punjab,Royal Challengers Bangalore,2018
0.5796,0.5957,3.0,0.5414,0.5647,9.0,0.4218,0.4286,0.0,0.4898,0.4583,9.0,0,0,Mumbai Indians,Delhi Daredevils,2018
0.5203,0.5455,2.0,0.527,0.5641,9.0,0.5395,0.5778,1.0,0.4605,0.4857,5.0,0,0,Kolkata Knight Riders,Sunrisers Hyderabad,2018
0.5169,0.5,1.0,0.5339,0.5238,7.0,0.4737,0.4444,0.0,0.4605,0.4857,9.0,0,1,Rajasthan Royals,Royal Challengers Bangalore,2018
0.4595,0.3095,0.0,0.4595,0.3971,9.0,0.6031,0.5882,2.0,0.5038,0.6364,7.0,0,1,Kings XI Punjab,Chennai Super Kings,2018
0.5203,0.5455,2.0,0.527,0.5641,9.0,0.4218,0.4286,0.0,0.4898,0.4583,9.0,0,1,Kolkata Knight Riders,Delhi Daredevils,2018
0.5796,0.5957,3.0,0.5414,0.5647,9.0,0.4737,0.4444,0.0,0.4605,0.4857,9.0,0,1,Mumbai Indians,Royal Challengers Bangalore,2018
0.5169,0.5,1.0,0.5339,0.5238,7.0,0.5203,0.5455,2.0,0.527,0.5641,9.0,0,0,Rajasthan Royals,Kolkata Knight Riders,2018
0.4595,0.3095,0.0,0.4595,0.3971,9.0,0.5395,0.5778,1.0,0.4605,0.4857,5.0,1,1,Kings XI Punjab,Sunrisers Hyderabad,2018
0.6031,0.5882,2.0,0.5038,0.6364,7.0,0.5169,0.5,1.0,0.5339,0.5238,7.0,0,1,Chennai Super Kings,Rajasthan Royals,2018
0.5203,0.5455,2.0,0.527,0.5641,9.0,0.4595,0.3095,0.0,0.4595,0.3971,9.0,0,0,Kolkata Knight Riders,Kings XI Punjab,2018
0.4218,0.4286,0.0,0.4898,0.4583,9.0,0.4737,0.4444,0.0,0.4605,0.4857,9.0,0,0,Delhi Daredevils,Royal Challengers Bangalore,2018
0.6031,0.5882,2.0,0.5038,0.6364,7.0,0.5395,0.5778,1.0,0.4605,0.4857,5.0,0,1,Chennai Super Kings,Sunrisers Hyderabad,2018
0.5796,0.5957,3.0,0.5414,0.5647,9.0,0.5169,0.5,1.0,0.5339,0.5238,7.0,1,0,Mumbai Indians,Rajasthan Royals,2018
0.4595,0.3095,0.0,0.4595,0.3971,9.0,0.4218,0.4286,0.0,0.4898,0.4583,9.0,0,1,Kings XI Punjab,Delhi Daredevils,2018
0.5395,0.5778,1.0,0.4605,0.4857,5.0,0.5796,0.5957,3.0,0.5414,0.5647,9.0,0,1,Sunrisers Hyderabad,Mumbai Indians,2018
0.4737,0.4444,0.0,0.4605,0.4857,9.0,0.6031,0.5882,2.0,0.5038,0.6364,7.0,0,0,Royal Challengers Bangalore,Chennai Super Kings,2018
0.5395,0.5778,1.0,0.4605,0.4857,5.0,0.4595,0.3095,0.0,0.4595,0.3971,9.0,0,1,Sunrisers Hyderabad,Kings XI Punjab,2018
0.4218,0.4286,0.0,0.4898,0.4583,9.0,0.5203,0.5455,2.0,0.527,0.5641,9.0,0,1,Delhi Daredevils,Kolkata Knight Riders,2018
0.6031,0.5882,2.0,0.5038,0.6364,7.0,0.5796,0.5957,3.0,0.5414,0.5647,9.0,0,0,Chennai Super Kings,Mumbai Indians,2018
0.5395,0.5778,1.0,0.4605,0.4857,5.0,0.5169,0.5,1.0,0.5339,0.5238,7.0,1,1,Sunrisers Hyderabad,Rajasthan Royals,2018
0.4737,0.4444,0.0,0.4605,0.4857,9.0,0.5203,0.5455,2.0,0.527,0.5641,9.0,0,0,Royal Challengers Bangalore,Kolkata Knight Riders,2018
0.6031,0.5882,2.0,0.5038,0.6364,7.0,0.4218,0.4286,0.0,0.4898,0.4583,9.0,0,1,Chennai Super Kings,Delhi Daredevils,2018
0.4737,0.4444,0.0,0.4605,0.4857,9.0,0.5796,0.5957,3.0,0.5414,0.5647,9.0,0,1,Royal Challengers Bangalore,Mumbai Indians,2018
0.4218,0.4286,0.0,0.4898,0.4583,9.0,0.5169,0.5,1.0,0.5339,0.5238,7.0,0,1,Delhi Daredevils,Rajasthan Royals,2018
0.6031,0.5882,2.0,0.5038,0.6364,7.0,0.5203,0.5455,2.0,0.527,0.5641,9.0,0,0,Chennai Super Kings,Kolkata Knight Riders,2018
0.4595,0.3095,0.0,0.4595,0.3971,9.0,0.5796,0.5957,3.0,0.5414,0.5647,9.0,0,0,Kings XI Punjab,Mumbai Indians,2018
0.4737,0.4444,0.0,0.4605,0.4857,9.0,0.6031,0.5882,2.0,0.5038,0.6364,7.0,0,0,Royal Challengers Bangalore,Chennai Super Kings,2018
0.4218,0.4286,0.0,0.4898,0.4583,9.0,0.5395,0.5778,1.0,0.4605,0.4857,5.0,1,0,Delhi Daredevils,Sunrisers Hyderabad,2018
0.5796,0.5957,3.0,0.5414,0.5647,9.0,0.5203,0.5455,2.0,0.527,0.5641,9.0,0,1,Mumbai Indians,Kolkata Knight Riders,2018
0.5169,0.5,1.0,0.5339,0.5238,7.0,0.4595,0.3095,0.0,0.4595,0.3971,9.0,0,0,Rajasthan Royals,Kings XI Punjab,2018
0.5395,0.5778,1.0,0.4605,0.4857,5.0,0.4737,0.4444,0.0,0.4605,0.4857,9.0,0,1,Sunrisers Hyderabad,Royal Challengers Bangalore,2018
0.5169,0.5,1.0,0.5339,0.5238,7.0,0.4595,0.3095,0.0,0.4595,0.3971,9.0,1,1,Rajasthan Royals,Kings XI Punjab,2018
0.5796,0.5957,3.0,0.5414,0.5647,9.0,0.5203,0.5455,2.0,0.527,0.5641,9.0,0,1,Mumbai Indians,Kolkata Knight Riders,2018
0.4218,0.4286,0.0,0.4898,0.4583,9.0,0.5395,0.5778,1.0,0.4605,0.4857,5.0,1,0,Delhi Daredevils,Sunrisers Hyderabad,2018
0.6031,0.5882,2.0,0.5038,0.6364,7.0,0.5169,0.5,1.0,0.5339,0.5238,7.0,1,0,Chennai Super Kings,Rajasthan Royals,2018
0.5203,0.5455,2.0,0.527,0.5641,9.0,0.4595,0.3095,0.0,0.4595,0.3971,9.0,0,1,Kolkata Knight Riders,Kings XI Punjab,2018
0.4218,0.4286,0.0,0.4898,0.4583,9.0,0.4737,0.4444,0.0,0.4605,0.4857,9.0,0,0,Delhi Daredevils,Royal Challengers Bangalore,2018
0.5395,0.5778,1.0,0.4605,0.4857,5.0,0.6031,0.5882,2.0,0.5038,0.6364,7.0,0,0,Sunrisers Hyderabad,Chennai Super Kings,2018
0.5796,0.5957,3.0,0.5414,0.5647,9.0,0.5169,0.5,1.0,0.5339,0.5238,7.0,0,0,Mumbai Indians,Rajasthan Royals,2018
0.4595,0.3095,0.0,0.4595,0.3971,9.0,0.4737,0.4444,0.0,0.4605,0.4857,9.0,0,0,Kings XI Punjab,Royal Challengers Bangalore,2018
0.5169,0.5,1.0,0.5339,0.5238,7.0,0.5203,0.5455,2.0,0.527,0.5641,9.0,0,0,Rajasthan Royals,Kolkata Knight Riders,2018
0.5796,0.5957,3.0,0.5414,0.5647,9.0,0.4595,0.3095,0.0,0.4595,0.3971,9.0,0,1,Mumbai Indians,Kings XI Punjab,2018
0.4737,0.4444,0.0,0.4605,0.4857,9.0,0.5395,0.5778,1.0,0.4605,0.4857,5.0,0,1,Royal Challengers Bangalore,Sunrisers Hyderabad,2018
0.4218,0.4286,0.0,0.4898,0.4583,9.0,0.6031,0.5882,2.0,0.5038,0.6364,7.0,0,1,Delhi Daredevils,Chennai Super Kings,2018
0.5169,0.5,1.0,0.5339,0.5238,7.0,0.4737,0.4444,0.0,0.4605,0.4857,9.0,1,1,Rajasthan Royals,Royal Challengers Bangalore,2018
0.5395,0.5778,1.0,0.4605,0.4857,5.0,0.5203,0.5455,2.0,0.527,0.5641,9.0,1,0,Sunrisers Hyderabad,Kolkata Knight Riders,2018
0.4218,0.4286,0.0,0.4898,0.4583,9.0,0.5796,0.5957,3.0,0.5414,0.5647,9.0,1,1,Delhi Daredevils,Mumbai Indians,2018
0.4595,0.3095,0.0,0.4595,0.3971,9.0,0.6031,0.5882,2.0,0.5038,0.6364,7.0,0,0,Kings XI Punjab,Chennai Super Kings,2018
0.5395,0.5778,1.0,0.4605,0.4857,5.0,0.6031,0.5882,2.0,0.5038,0.6364,7.0,0,0,Sunrisers Hyderabad,Chennai Super Kings,2018
0.5203,0.5455,2.0,0.527,0.5641,9.0,0.5169,0.5,1.0,0.5339,0.5238,7.0,0,1,Kolkata Knight Riders,Rajasthan Royals,2018
0.5395,0.5778,1.0,0.4605,0.4857,5.0,0.5203,0.5455,2.0,0.527,0.5641,9.0,0,1,Sunrisers Hyderabad,Kolkata Knight Riders,2018
0.5395,0.5778,1.0,0.4605,0.4857,5.0,0.6031,0.5882,2.0,0.5038,0.6364,7.0,0,0,Sunrisers Hyderabad,Chennai Super Kings,2018
0.4699,0.4186,0.0,0.4639,0.4935,10.0,0.6122,0.6875,3.0,0.5238,0.6494,8.0,0,0,Royal Challengers Bangalore,Chennai Super Kings,2019
0.5484,0.6042,1.0,0.4516,0.5,6.0,0.5244,0.5532,2.0,0.5305,0.5632,10.0,0,0,Sunrisers Hyderabad,Kolkata Knight Riders,2019
0.4568,0.4048,0.0,0.463,0.4133,10.0,0.5113,0.4667,1.0,0.5188,0.5217,8.0,0,1,Kings XI Punjab,Rajasthan Royals,2019
0.5244,0.5532,2.0,0.5305,0.5632,10.0,0.4568,0.4048,0.0,0.463,0.4133,10.0,0,1,Kolkata Knight Riders,Kings XI Punjab,2019
0.5673,0.5333,3.0,0.5263,0.5556,10.0,0.4699,0.4186,0.0,0.4639,0.4935,10.0,0,1,Mumbai Indians,Royal Challengers Bangalore,2019
0.5113,0.4667,1.0,0.5188,0.5217,8.0,0.5484,0.6042,1.0,0.4516,0.5,6.0,1,0,Rajasthan Royals,Sunrisers Hyderabad,2019
0.5673,0.5333,3.0,0.5263,0.5556,10.0,0.4568,0.4048,0.0,0.463,0.4133,10.0,0,0,Mumbai Indians,Kings XI Punjab,2019
0.5484,0.6042,1.0,0.4516,0.5,6.0,0.4699,0.4186,0.0,0.4639,0.4935,10.0,0,1,Sunrisers Hyderabad,Royal Challengers Bangalore,2019
0.6122,0.6875,3.0,0.5238,0.6494,8.0,0.5113,0.4667,1.0,0.5188,0.5217,8.0,0,1,Chennai Super Kings,Rajasthan Royals,2019
0.4699,0.4186,0.0,0.4639,0.4935,10.0,0.5113,0.4667,1.0,0.5188,0.5217,8.0,0,0,Royal Challengers Bangalore,Rajasthan Royals,2019
0.5673,0.5333,3.0,0.5263,0.5556,10.0,0.6122,0.6875,3.0,0.5238,0.6494,8.0,0,1,Mumbai Indians,Chennai Super Kings,2019
0.4699,0.4186,0.0,0.4639,0.4935,10.0,0.5244,0.5532,2.0,0.5305,0.5632,10.0,0,0,Royal Challengers Bangalore,Kolkata Knight Riders,2019
0.6122,0.6875,3.0,0.5238,0.6494,8.0,0.4568,0.4048,0.0,0.463,0.4133,10.0,1,1,Chennai Super Kings,Kings XI Punjab,2019
0.5673,0.5333,3.0,0.5263,0.5556,10.0,0.5484,0.6042,1.0,0.4516,0.5,6.0,0,1,Mumbai Indians,Sunrisers Hyderabad,2019
0.5113,0.4667,1.0,0.5188,0.5217,8.0,0.5244,0.5532,2.0,0.5305,0.5632,10.0,0,0,Rajasthan Royals,Kolkata Knight Riders,2019
0.5484,0.6042,1.0,0.4516,0.5,6.0,0.4568,0.4048,0.0,0.463,0.4133,10.0,0,0,Sunrisers Hyderabad,Kings XI Punjab,2019
0.5244,0.5532,2.0,0.5305,0.5632,10.0,0.6122,0.6875,3.0,0.5238,0.6494,8.0,0,0,Kolkata Knight Riders,Chennai Super Kings,2019
0.4568,0.4048,0.0,0.463,0.4133,10.0,0.5673,0.5333,3.0,0.5263,0.5556,10.0,0,0,Kings XI Punjab,Mumbai Indians,2019
0.5113,0.4667,1.0,0.5188,0.5217,8.0,0.6122,0.6875,3.0,0.5238,0.6494,8.0,0,0,Rajasthan Royals,Chennai Super Kings,2019
0.5673,0.5333,3.0,0.5263,0.5556,10.0,0.5113,0.4667,1.0,0.5188,0.5217,8.0,0,0,Mumbai Indians,Rajasthan Royals,2019
0.4568,0.4048,0.0,0.463,0.4133,10.0,0.4699,0.4186,0.0,0.4639,0.4935,10.0,0,0,Kings XI Punjab,Royal Challengers Bangalore,2019
0.5244,0.5532,2.0,0.5305,0.5632,10.0,0.6122,0.6875,3.0,0.5238,0.6494,8.0,0,0,Kolkata Knight Riders,Chennai Super Kings,2019
0.4699,0.4186,0.0,0.4639,0.4935,10.0,0.5673,0.5333,3.0,0.5263,0.5556,10.0,0,0,Royal Challengers Bangalore,Mumbai Indians,2019
0.4568,0.4048,0.0,0.463,0.4133,10.0,0.5113,0.4667,1.0,0.5188,0.5217,8.0,0,1,Kings XI Punjab,Rajasthan Royals,2019
0.6122,0.6875,3.0,0.5238,0.6494,8.0,0.5484,0.6042,1.0,0.4516,0.5,6.0,1,0,Chennai Super Kings,Sunrisers Hyderabad,2019
0.4699,0.4186,0.0,0.4639,0.4935,10.0,0.5244,0.5532,2.0,0.5305,0.5632,10.0,0,1,Royal Challengers Bangalore,Kolkata Knight Riders,2019
0.5673,0.5333,3.0,0.5263,0.5556,10.0,0.5113,0.4667,1.0,0.5188,0.5217,8.0,0,0,Mumbai Indians,Rajasthan Royals,2019
0.5244,0.5532,2.0,0.5305,0.5632,10.0,0.5484,0.6042,1.0,0.4516,0.5,6.0,0,0,Kolkata Knight Riders,Sunrisers Hyderabad,2019
0.4699,0.4186,0.0,0.4639,0.4935,10.0,0.6122,0.6875,3.0,0.5238,0.6494,8.0,0,1,Royal Challengers Bangalore,Chennai Super Kings,2019
0.5484,0.6042,1.0,0.4516,0.5,6.0,0.6122,0.6875,3.0,0.5238,0.6494,8.0,0,0,Sunrisers Hyderabad,Chennai Super Kings,2019
0.4699,0.4186,0.0,0.4639,0.4935,10.0,0.4568,0.4048,0.0,0.463,0.4133,10.0,0,1,Royal Challengers Bangalore,Kings XI Punjab,2019
0.5244,0.5532,2.0,0.5305,0.5632,10.0,0.5113,0.4667,1.0,0.5188,0.5217,8.0,0,0,Kolkata Knight Riders,Rajasthan Royals,2019
0.5673,0.5333,3.0,0.5263,0.5556,10.0,0.6122,0.6875,3.0,0.5238,0.6494,8.0,0,1,Mumbai Indians,Chennai Super Kings,2019
0.5484,0.6042,1.0,0.4516,0.5,6.0,0.5113,0.4667,1.0,0.5188,0.5217,8.0,0,0,Sunrisers Hyderabad,Rajasthan Royals,2019
0.5244,0.5532,2.0,0.5305,0.5632,10.0,0.5673,0.5333,3.0,0.5263,0.5556,10.0,0,1,Kolkata Knight Riders,Mumbai Indians,2019
0.5484,0.6042,1.0,0.4516,0.5,6.0,0.4568,0.4048,0.0,0.463,0.4133,10.0,0,1,Sunrisers Hyderabad,Kings XI Punjab,2019
0.4699,0.4186,0.0,0.4639,0.4935,10.0,0.5113,0.4667,1.0,0.5188,0.5217,8.0,0,0,Royal Challengers Bangalore,Rajasthan Royals,2019
0.5673,0.5333,3.0,0.5263,0.5556,10.0,0.5484,0.6042,1.0,0.4516,0.5,6.0,1,0,Mumbai Indians,Sunrisers Hyderabad,2019
0.4568,0.4048,0.0,0.463,0.4133,10.0,0.5244,0.5532,2.0,0.5305,0.5632,10.0,0,0,Kings XI Punjab,Kolkata Knight Riders,2019
0.5484,0.6042,1.0,0.4516,0.5,6.0,0.4699,0.4186,0.0,0.4639,0.4935,10.0,0,0,Sunrisers Hyderabad,Royal Challengers Bangalore,2019
0.6122,0.6875,3.0,0.5238,0.6494,8.0,0.4568,0.4048,0.0,0.463,0.4133,10.0,0,0,Chennai Super Kings,Kings XI Punjab,2019
0.5244,0.5532,2.0,0.5305,0.5632,10.0,0.5673,0.5333,3.0,0.5263,0.5556,10.0,0,0,Kolkata Knight Riders,Mumbai Indians,2019
0.6122,0.6875,3.0,0.5238,0.6494,8.0,0.5673,0.5333,3.0,0.5263,0.5556,10.0,1,0,Chennai Super Kings,Mumbai Indians,2019
0.5673,0.5333,3.0,0.5263,0.5556,10.0,0.6122,0.6875,3.0,0.5238,0.6494,8.0,1,1,Mumbai Indians,Chennai Super Kings,2019
0.5722,0.5745,4.0,0.5241,0.5612,11.0,0.6098,0.6364,3.0,0.5427,0.6404,9.0,0,0,Mumbai Indians,Chennai Super Kings,2020
0.5625,0.5625,0.0,0.625,0.6,1.0,0.4545,0.4524,0.0,0.4602,0.4198,11.0,0,0,Delhi Capitals,Kings XI Punjab,2020
0.5169,0.5217,2.0,0.5169,0.5761,11.0,0.4611,0.3415,0.0,0.45,0.4938,11.0,1,0,Kolkata Knight Riders,Royal Challengers Bangalore,2020
0.5722,0.5745,4.0,0.5241,0.5612,11.0,0.5278,0.5217,1.0,0.4259,0.5,7.0,0,0,Mumbai Indians,Sunrisers Hyderabad,2020
0.4966,0.4138,1.0,0.5442,0.5125,9.0,0.6098,0.6364,3.0,0.5427,0.6404,9.0,0,1,Rajasthan Royals,Chennai Super Kings,2020
0.5169,0.5217,2.0,0.5169,0.5761,11.0,0.5625,0.5625,0.0,0.625,0.6,1.0,0,1,Kolkata Knight Riders,Delhi Capitals,2020
0.4545,0.4524,0.0,0.4602,0.4198,11.0,0.5278,0.5217,1.0,0.4259,0.5,7.0,0,1,Kings XI Punjab,Sunrisers Hyderabad,2020
0.4611,0.3415,0.0,0.45,0.4938,11.0,0.5722,0.5745,4.0,0.5241,0.5612,11.0,0,0,Royal Challengers Bangalore,Mumbai Indians,2020
0.5625,0.5625,0.0,0.625,0.6,1.0,0.4966,0.4138,1.0,0.5442,0.5125,9.0,0,1,Delhi Capitals,Rajasthan Royals,2020
0.5169,0.5217,2.0,0.5169,0.5761,11.0,0.6098,0.6364,3.0,0.5427,0.6404,9.0,1,1,Kolkata Knight Riders,Chennai Super Kings,2020
0.4611,0.3415,0.0,0.45,0.4938,11.0,0.5278,0.5217,1.0,0.4259,0.5,7.0,0,0,Royal Challengers Bangalore,Sunrisers Hyderabad,2020
0.5722,0.5745,4.0,0.5241,0.5612,11.0,0.4545,0.4524,0.0,0.4602,0.4198,11.0,0,1,Mumbai Indians,Kings XI Punjab,2020
0.5169,0.5217,2.0,0.5169,0.5761,11.0,0.4966,0.4138,1.0,0.5442,0.5125,9.0,0,1,Kolkata Knight Riders,Rajasthan Royals,2020
0.4611,0.3415,0.0,0.45,0.4938,11.0,0.5625,0.5625,0.0,0.625,0.6,1.0,0,0,Royal Challengers Bangalore,Delhi Capitals,2020
0.4545,0.4524,0.0,0.4602,0.4198,11.0,0.6098,0.6364,3.0,0.5427,0.6404,9.0,0,0,Kings XI Punjab,Chennai Super Kings,2020
0.5278,0.5217,1.0,0.4259,0.5,7.0,0.4966,0.4138,1.0,0.5442,0.5125,9.0,1,0,Sunrisers Hyderabad,Rajasthan Royals,2020
0.5722,0.5745,4.0,0.5241,0.5612,11.0,0.5169,0.5217,2.0,0.5169,0.5761,11.0,0,1,Mumbai Indians,Kolkata Knight Riders,2020
0.6098,0.6364,3.0,0.5427,0.6404,9.0,0.5625,0.5625,0.0,0.625,0.6,1.0,1,0,Chennai Super Kings,Delhi Capitals,2020
0.4545,0.4524,0.0,0.4602,0.4198,11.0,0.4611,0.3415,0.0,0.45,0.4938,11.0,0,1,Kings XI Punjab,Royal Challengers Bangalore,2020
0.5722,0.5745,4.0,0.5241,0.5612,11.0,0.4966,0.4138,1.0,0.5442,0.5125,9.0,1,1,Mumbai Indians,Rajasthan Royals,2020
0.5169,0.5217,2.0,0.5169,0.5761,11.0,0.5278,0.5217,1.0,0.4259,0.5,7.0,0,0,Kolkata Knight Riders,Sunrisers Hyderabad,2020
0.4545,0.4524,0.0,0.4602,0.4198,11.0,0.6098,0.6364,3.0,0.5427,0.6404,9.0,1,0,Kings XI Punjab,Chennai Super Kings,2020
0.4966,0.4138,1.0,0.5442,0.5125,9.0,0.4611,0.3415,0.0,0.45,0.4938,11.0,1,0,Rajasthan Royals,Royal Challengers Bangalore,2020
0.5625,0.5625,0.0,0.625,0.6,1.0,0.5169,0.5217,2.0,0.5169,0.5761,11.0,0,1,Delhi Capitals,Kolkata Knight Riders,2020
0.5278,0.5217,1.0,0.4259,0.5,7.0,0.6098,0.6364,3.0,0.5427,0.6404,9.0,1,1,Sunrisers Hyderabad,Chennai Super Kings,2020
0.5722,0.5745,4.0,0.5241,0.5612,11.0,0.4545,0.4524,0.0,0.4602,0.4198,11.0,1,0,Mumbai Indians,Kings XI Punjab,2020
0.4966,0.4138,1.0,0.5442,0.5125,9.0,0.5278,0.5217,1.0,0.4259,0.5,7.0,0,0,Rajasthan Royals,Sunrisers Hyderabad,2020
0.5625,0.5625,0.0,0.625,0.6,1.0,0.4611,0.3415,0.0,0.45,0.4938,11.0,0,1,Delhi Capitals,Royal Challengers Bangalore,2020
0.5169,0.5217,2.0,0.5169,0.5761,11.0,0.4545,0.4524,0.0,0.4602,0.4198,11.0,0,0,Kolkata Knight Riders,Kings XI Punjab,2020
0.6098,0.6364,3.0,0.5427,0.6404,9.0,0.5722,0.5745,4.0,0.5241,0.5612,11.0,0,0,Chennai Super Kings,Mumbai Indians,2020
0.4966,0.4138,1.0,0.5442,0.5125,9.0,0.4611,0.3415,0.0,0.45,0.4938,11.0,1,0,Rajasthan Royals,Royal Challengers Bangalore,2020
0.5169,0.5217,2.0,0.5169,0.5761,11.0,0.4545,0.4524,0.0,0.4602,0.4198,11.0,1,1,Kolkata Knight Riders,Kings XI Punjab,2020
0.5278,0.5217,1.0,0.4259,0.5,7.0,0.5625,0.5625,0.0,0.625,0.6,1.0,0,1,Sunrisers Hyderabad,Delhi Capitals,2020
0.4611,0.3415,0.0,0.45,0.4938,11.0,0.6098,0.6364,3.0,0.5427,0.6404,9.0,1,1,Royal Challengers Bangalore,Chennai Super Kings,2020
0.5169,0.5217,2.0,0.5169,0.5761,11.0,0.5722,0.5745,4.0,0.5241,0.5612,11.0,1,0,Kolkata Knight Riders,Mumbai Indians,2020
0.4545,0.4524,0.0,0.4602,0.4198,11.0,0.4966,0.4138,1.0,0.5442,0.5125,9.0,0,0,Kings XI Punjab,Rajasthan Royals,2020
0.6098,0.6364,3.0,0.5427,0.6404,9.0,0.5278,0.5217,1.0,0.4259,0.5,7.0,1,1,Chennai Super Kings,Sunrisers Hyderabad,2020
0.5625,0.5625,0.0,0.625,0.6,1.0,0.5722,0.5745,4.0,0.5241,0.5612,11.0,1,0,Delhi Capitals,Mumbai Indians,2020
0.5169,0.5217,2.0,0.5169,0.5761,11.0,0.4966,0.4138,1.0,0.5442,0.5125,9.0,0,1,Kolkata Knight Riders,Rajasthan Royals,2020
0.4611,0.3415,0.0,0.45,0.4938,11.0,0.4545,0.4524,0.0,0.4602,0.4198,11.0,1,0,Royal Challengers Bangalore,Kings XI Punjab,2020
0.5278,0.5217,1.0,0.4259,0.5,7.0,0.5625,0.5625,0.0,0.625,0.6,1.0,0,1,Sunrisers Hyderabad,Delhi Capitals,2020
0.6098,0.6364,3.0,0.5427,0.6404,9.0,0.4966,0.4138,1.0,0.5442,0.5125,9.0,1,0,Chennai Super Kings,Rajasthan Royals,2020
0.4611,0.3415,0.0,0.45,0.4938,11.0,0.5278,0.5217,1.0,0.4259,0.5,7.0,0,1,Royal Challengers Bangalore,Sunrisers Hyderabad,2020
0.5625,0.5625,0.0,0.625,0.6,1.0,0.5722,0.5745,4.0,0.5241,0.5612,11.0,0,0,Delhi Capitals,Mumbai Indians,2020
0.5169,0.5217,2.0,0.5169,0.5761,11.0,0.6098,0.6364,3.0,0.5427,0.6404,9.0,0,0,Kolkata Knight Riders,Chennai Super Kings,2020
0.4545,0.4524,0.0,0.4602,0.4198,11.0,0.4966,0.4138,1.0,0.5442,0.5125,9.0,0,0,Kings XI Punjab,Rajasthan Royals,2020
0.5722,0.5745,4.0,0.5241,0.5612,11.0,0.5278,0.5217,1.0,0.4259,0.5,7.0,1,1,Mumbai Indians,Sunrisers Hyderabad,2020
0.5625,0.5625,0.0,0.625,0.6,1.0,0.6098,0.6364,3.0,0.5427,0.6404,9.0,0,1,Delhi Capitals,Chennai Super Kings,2020
0.4611,0.3415,0.0,0.45,0.4938,11.0,0.5169,0.5217,2.0,0.5169,0.5761,11.0,1,1,Royal Challengers Bangalore,Kolkata Knight Riders,2020
0.5722,0.5745,4.0,0.5241,0.5612,11.0,0.4966,0.4138,1.0,0.5442,0.5125,9.0,1,0,Mumbai Indians,Rajasthan Royals,2020
0.5278,0.5217,1.0,0.4259,0.5,7.0,0.4545,0.4524,0.0,0.4602,0.4198,11.0,1,1,Sunrisers Hyderabad,Kings XI Punjab,2020
0.5625,0.5625,0.0,0.625,0.6,1.0,0.4966,0.4138,1.0,0.5442,0.5125,9.0,1,1,Delhi Capitals,Rajasthan Royals,2020
0.4611,0.3415,0.0,0.45,0.4938,11.0,0.6098,0.6364,3.0,0.5427,0.6404,9.0,1,0,Royal Challengers Bangalore,Chennai Super Kings,2020
0.5278,0.5217,1.0,0.4259,0.5,7.0,0.5169,0.5217,2.0,0.5169,0.5761,11.0,1,0,Sunrisers Hyderabad,Kolkata Knight Riders,2020
0.5625,0.5625,0.0,0.625,0.6,1.0,0.4545,0.4524,0.0,0.4602,0.4198,11.0,1,0,Delhi Capitals,Kings XI Punjab,2020
0.4611,0.3415,0.0,0.45,0.4938,11.0,0.5722,0.5745,4.0,0.5241,0.5612,11.0,0,0,Royal Challengers Bangalore,Mumbai Indians,2020
0.5722,0.5745,4.0,0.5241,0.5612,11.0,0.5625,0.5625,0.0,0.625,0.6,1.0,0,1,Mumbai Indians,Delhi Capitals,2020
0.4611,0.3415,0.0,0.45,0.4938,11.0,0.5278,0.5217,1.0,0.4259,0.5,7.0,0,0,Royal Challengers Bangalore,Sunrisers Hyderabad,2020
0.5625,0.5625,0.0,0.625,0.6,1.0,0.5278,0.5217,1.0,0.4259,0.5,7.0,1,1,Delhi Capitals,Sunrisers Hyderabad,2020
0.5625,0.5625,0.0,0.625,0.6,1.0,0.5722,0.5745,4.0,0.5241,0.5612,11.0,1,0,Delhi Capitals,Mumbai Indians,2020
0.5813,0.587,5.0,0.5222,0.566,12.0,0.4564,0.3953,0.0,0.4462,0.4828,12.0,0,0,Mumbai Indians,Royal Challengers Bangalore,2021
0.5955,0.5745,3.0,0.5449,0.6289,10.0,0.5152,0.5152,0.0,0.6061,0.45,2.0,0,0,Chennai Super Kings,Delhi Capitals,2021
0.5104,0.4773,2.0,0.5104,0.5612,12.0,0.5242,0.5,1.0,0.4597,0.5088,8.0,0,1,Kolkata Knight Riders,Sunrisers Hyderabad,2021
0.5813,0.587,5.0,0.5222,0.566,12.0,0.5104,0.4773,2.0,0.5104,0.5612,12.0,0,1,Mumbai Indians,Kolkata Knight Riders,2021
0.4564,0.3953,0.0,0.4462,0.4828,12.0,0.5242,0.5,1.0,0.4597,0.5088,8.0,0,1,Royal Challengers Bangalore,Sunrisers Hyderabad,2021
0.5152,0.5152,0.0,0.6061,0.45,2.0,0.4907,0.4186,1.0,0.5404,0.4943,10.0,0,0,Delhi Capitals,Rajasthan Royals,2021
0.5813,0.587,5.0,0.5222,0.566,12.0,0.5242,0.5,1.0,0.4597,0.5088,8.0,1,1,Mumbai Indians,Sunrisers Hyderabad,2021
0.4564,0.3953,0.0,0.4462,0.4828,12.0,0.5104,0.4773,2.0,0.5104,0.5612,12.0,1,1,Royal Challengers Bangalore,Kolkata Knight Riders,2021
0.5955,0.5745,3.0,0.5449,0.6289,10.0,0.4907,0.4186,1.0,0.5404,0.4943,10.0,0,1,Chennai Super Kings,Rajasthan Royals,2021
0.5813,0.587,5.0,0.5222,0.566,12.0,0.5152,0.5152,0.0,0.6061,0.45,2.0,1,0,Mumbai Indians,Delhi Capitals,2021
0.5955,0.5745,3.0,0.5449,0.6289,10.0,0.5104,0.4773,2.0,0.5104,0.5612,12.0,0,1,Chennai Super Kings,Kolkata Knight Riders,2021
0.4907,0.4186,1.0,0.5404,0.4943,10.0,0.4564,0.3953,0.0,0.4462,0.4828,12.0,0,0,Rajasthan Royals,Royal Challengers Bangalore,2021
0.5104,0.4773,2.0,0.5104,0.5612,12.0,0.4907,0.4186,1.0,0.5404,0.4943,10.0,0,0,Kolkata Knight Riders,Rajasthan Royals,2021
0.5955,0.5745,3.0,0.5449,0.6289,10.0,0.4564,0.3953,0.0,0.4462,0.4828,12.0,1,1,Chennai Super Kings,Royal Challengers Bangalore,2021
0.5152,0.5152,0.0,0.6061,0.45,2.0,0.5242,0.5,1.0,0.4597,0.5088,8.0,1,0,Delhi Capitals,Sunrisers Hyderabad,2021
0.4564,0.3953,0.0,0.4462,0.4828,12.0,0.5152,0.5152,0.0,0.6061,0.45,2.0,0,1,Royal Challengers Bangalore,Delhi Capitals,2021
0.5242,0.5,1.0,0.4597,0.5088,8.0,0.5955,0.5745,3.0,0.5449,0.6289,10.0,1,0,Sunrisers Hyderabad,Chennai Super Kings,2021
0.4907,0.4186,1.0,0.5404,0.4943,10.0,0.5813,0.587,5.0,0.5222,0.566,12.0,0,0,Rajasthan Royals,Mumbai Indians,2021
0.5104,0.4773,2.0,0.5104,0.5612,12.0,0.5152,0.5152,0.0,0.6061,0.45,2.0,0,0,Kolkata Knight Riders,Delhi Capitals,2021
0.5955,0.5745,3.0,0.5449,0.6289,10.0,0.5813,0.587,5.0,0.5222,0.566,12.0,0,0,Chennai Super Kings,Mumbai Indians,2021
0.4907,0.4186,1.0,0.5404,0.4943,10.0,0.5242,0.5,1.0,0.4597,0.5088,8.0,0,1,Rajasthan Royals,Sunrisers Hyderabad,2021
0.4564,0.3953,0.0,0.4462,0.4828,12.0,0.5104,0.4773,2.0,0.5104,0.5612,12.0,1,0,Royal Challengers Bangalore,Kolkata Knight Riders,2021
0.5813,0.587,5.0,0.5222,0.566,12.0,0.5242,0.5,1.0,0.4597,0.5088,8.0,1,1,Mumbai Indians,Sunrisers Hyderabad,2021
0.5955,0.5745,3.0,0.5449,0.6289,10.0,0.4907,0.4186,1.0,0.5404,0.4943,10.0,0,0,Chennai Super Kings,Rajasthan Royals,2021
0.5242,0.5,1.0,0.4597,0.5088,8.0,0.5955,0.5745,3.0,0.5449,0.6289,10.0,0,0,Sunrisers Hyderabad,Chennai Super Kings,2021
0.5152,0.5152,0.0,0.6061,0.45,2.0,0.5104,0.4773,2.0,0.5104,0.5612,12.0,0,0,Delhi Capitals,Kolkata Knight Riders,2021
0.4907,0.4186,1.0,0.5404,0.4943,10.0,0.5813,0.587,5.0,0.5222,0.566,12.0,0,0,Rajasthan Royals,Mumbai Indians,2021
0.5242,0.5,1.0,0.4597,0.5088,8.0,0.4564,0.3953,0.0,0.4462,0.4828,12.0,0,1,Sunrisers Hyderabad,Royal Challengers Bangalore,2021
0.5813,0.587,5.0,0.5222,0.566,12.0,0.5104,0.4773,2.0,0.5104,0.5612,12.0,0,0,Mumbai Indians,Kolkata Knight Riders,2021
0.5152,0.5152,0.0,0.6061,0.45,2.0,0.4907,0.4186,1.0,0.5404,0.4943,10.0,0,1,Delhi Capitals,Rajasthan Royals,2021
0.5104,0.4773,2.0,0.5104,0.5612,12.0,0.5955,0.5745,3.0,0.5449,0.6289,10.0,1,0,Kolkata Knight Riders,Chennai Super Kings,2021
0.4907,0.4186,1.0,0.5404,0.4943,10.0,0.5242,0.5,1.0,0.4597,0.5088,8.0,1,0,Rajasthan Royals,Sunrisers Hyderabad,2021
0.5152,0.5152,0.0,0.6061,0.45,2.0,0.4564,0.3953,0.0,0.4462,0.4828,12.0,0,0,Delhi Capitals,Royal Challengers Bangalore,2021
0.4907,0.4186,1.0,0.5404,0.4943,10.0,0.4564,0.3953,0.0,0.4462,0.4828,12.0,0,0,Rajasthan Royals,Royal Challengers Bangalore,2021
0.5955,0.5745,3.0,0.5449,0.6289,10.0,0.5813,0.587,5.0,0.5222,0.566,12.0,1,1,Chennai Super Kings,Mumbai Indians,2021
0.5242,0.5,1.0,0.4597,0.5088,8.0,0.5152,0.5152,0.0,0.6061,0.45,2.0,1,0,Sunrisers Hyderabad,Delhi Capitals,2021
0.5104,0.4773,2.0,0.5104,0.5612,12.0,0.4907,0.4186,1.0,0.5404,0.4943,10.0,0,1,Kolkata Knight Riders,Rajasthan Royals,2021
0.4564,0.3953,0.0,0.4462,0.4828,12.0,0.5813,0.587,5.0,0.5222,0.566,12.0,0,1,Royal Challengers Bangalore,Mumbai Indians,2021
0.5242,0.5,1.0,0.4597,0.5088,8.0,0.5104,0.4773,2.0,0.5104,0.5612,12.0,1,0,Sunrisers Hyderabad,Kolkata Knight Riders,2021
0.5955,0.5745,3.0,0.5449,0.6289,10.0,0.5152,0.5152,0.0,0.6061,0.45,2.0,0,0,Chennai Super Kings,Delhi Capitals,2021
0.5813,0.587,5.0,0.5222,0.566,12.0,0.5152,0.5152,0.0,0.6061,0.45,2.0,0,0,Mumbai Indians,Delhi Capitals,2021
0.4564,0.3953,0.0,0.4462,0.4828,12.0,0.5955,0.5745,3.0,0.5449,0.6289,10.0,0,0,Royal Challengers Bangalore,Chennai Super Kings,2021
0.5152,0.5152,0.0,0.6061,0.45,2.0,0.5955,0.5745,3.0,0.5449,0.6289,10.0,0,0,Delhi Capitals,Chennai Super Kings,2021
0.4564,0.3953,0.0,0.4462,0.4828,12.0,0.5104,0.4773,2.0,0.5104,0.5612,12.0,1,0,Royal Challengers Bangalore,Kolkata Knight Riders,2021
0.5152,0.5152,0.0,0.6061,0.45,2.0,0.5104,0.4773,2.0,0.5104,0.5612,12.0,0,0,Delhi Capitals,Kolkata Knight Riders,2021
0.5955,0.5745,3.0,0.5449,0.6289,10.0,0.5104,0.4773,2.0,0.5104,0.5612,12.0,0,1,Chennai Super Kings,Kolkata Knight Riders,2021
0.6031,0.5745,4.0,0.5309,0.6505,11.0,0.512,0.4667,2.0,0.5072,0.5566,13.0,0,0,Chennai Super Kings,Kolkata Knight Riders,2022
0.576,0.6087,5.0,0.5253,0.5789,13.0,0.5306,0.5306,0.0,0.5714,0.5357,3.0,0,0,Mumbai Indians,Delhi Capitals,2022
0.4667,0.4545,0.0,0.4619,0.4948,13.0,0.4286,0.4286,0.0,0.3571,0.6,1.0,0,0,Royal Challengers Bangalore,Punjab Kings,2022
0.48,0.381,1.0,0.5429,0.4842,11.0,0.4928,0.3778,1.0,0.4638,0.4531,9.0,0,1,Rajasthan Royals,Sunrisers Hyderabad,2022
0.512,0.4667,2.0,0.5072,0.5566,13.0,0.4667,0.4545,0.0,0.4619,0.4948,13.0,0,0,Kolkata Knight Riders,Royal Challengers Bangalore,2022
0.4286,0.4286,0.0,0.3571,0.6,1.0,0.512,0.4667,2.0,0.5072,0.5566,13.0,0,0,Punjab Kings,Kolkata Knight Riders,2022
0.48,0.381,1.0,0.5429,0.4842,11.0,0.576,0.6087,5.0,0.5253,0.5789,13.0,0,1,Rajasthan Royals,Mumbai Indians,2022
0.4286,0.4286,0.0,0.3571,0.6,1.0,0.6031,0.5745,4.0,0.5309,0.6505,11.0,0,1,Punjab Kings,Chennai Super Kings,2022
0.48,0.381,1.0,0.5429,0.4842,11.0,0.4667,0.4545,0.0,0.4619,0.4948,13.0,0,0,Rajasthan Royals,Royal Challengers Bangalore,2022
0.576,0.6087,5.0,0.5253,0.5789,13.0,0.512,0.4667,2.0,0.5072,0.5566,13.0,0,0,Mumbai Indians,Kolkata Knight Riders,2022
0.6031,0.5745,4.0,0.5309,0.6505,11.0,0.4928,0.3778,1.0,0.4638,0.4531,9.0,0,0,Chennai Super Kings,Sunrisers Hyderabad,2022
0.576,0.6087,5.0,0.5253,0.5789,13.0,0.4667,0.4545,0.0,0.4619,0.4948,13.0,0,0,Mumbai Indians,Royal Challengers Bangalore,2022
0.5306,0.5306,0.0,0.5714,0.5357,3.0,0.512,0.4667,2.0,0.5072,0.5566,13.0,0,1,Delhi Capitals,Kolkata Knight Riders,2022
0.6031,0.5745,4.0,0.5309,0.6505,11.0,0.4667,0.4545,0.0,0.4619,0.4948,13.0,0,1,Chennai Super Kings,Royal Challengers Bangalore,2022
0.4286,0.4286,0.0,0.3571,0.6,1.0,0.576,0.6087,5.0,0.5253,0.5789,13.0,0,1,Punjab Kings,Mumbai Indians,2022
0.512,0.4667,2.0,0.5072,0.5566,13.0,0.4928,0.3778,1.0,0.4638,0.4531,9.0,0,0,Kolkata Knight Riders,Sunrisers Hyderabad,2022
0.4667,0.4545,0.0,0.4619,0.4948,13.0,0.5306,0.5306,0.0,0.5714,0.5357,3.0,0,1,Royal Challengers Bangalore,Delhi Capitals,2022
0.4286,0.4286,0.0,0.3571,0.6,1.0,0.4928,0.3778,1.0,0.4638,0.4531,9.0,0,0,Punjab Kings,Sunrisers Hyderabad,2022
0.48,0.381,1.0,0.5429,0.4842,11.0,0.512,0.4667,2.0,0.5072,0.5566,13.0,0,1,Rajasthan Royals,Kolkata Knight Riders,2022
0.4286,0.4286,0.0,0.3571,0.6,1.0,0.5306,0.5306,0.0,0.5714,0.5357,3.0,0,0,Punjab Kings,Delhi Capitals,2022
0.576,0.6087,5.0,0.5253,0.5789,13.0,0.6031,0.5745,4.0,0.5309,0.6505,11.0,0,0,Mumbai Indians,Chennai Super Kings,2022
0.48,0.381,1.0,0.5429,0.4842,11.0,0.5306,0.5306,0.0,0.5714,0.5357,3.0,0,1,Rajasthan Royals,Delhi Capitals,2022
0.4667,0.4545,0.0,0.4619,0.4948,13.0,0.4928,0.3778,1.0,0.4638,0.4531,9.0,0,0,Royal Challengers Bangalore,Sunrisers Hyderabad,2022
0.4286,0.4286,0.0,0.3571,0.6,1.0,0.6031,0.5745,4.0,0.5309,0.6505,11.0,0,1,Punjab Kings,Chennai Super Kings,2022
0.48,0.381,1.0,0.5429,0.4842,11.0,0.4667,0.4545,0.0,0.4619,0.4948,13.0,0,1,Rajasthan Royals,Royal Challengers Bangalore,2022
0.512,0.4667,2.0,0.5072,0.5566,13.0,0.5306,0.5306,0.0,0.5714,0.5357,3.0,0,0,Kolkata Knight Riders,Delhi Capitals,2022
0.48,0.381,1.0,0.5429,0.4842,11.0,0.576,0.6087,5.0,0.5253,0.5789,13.0,0,0,Rajasthan Royals,Mumbai Indians,2022
0.6031,0.5745,4.0,0.5309,0.6505,11.0,0.4928,0.3778,1.0,0.4638,0.4531,9.0,0,1,Chennai Super Kings,Sunrisers Hyderabad,2022
0.48,0.381,1.0,0.5429,0.4842,11.0,0.512,0.4667,2.0,0.5072,0.5566,13.0,0,0,Rajasthan Royals,Kolkata Knight Riders,2022
0.4667,0.4545,0.0,0.4619,0.4948,13.0,0.6031,0.5745,4.0,0.5309,0.6505,11.0,0,1,Royal Challengers Bangalore,Chennai Super Kings,2022
0.5306,0.5306,0.0,0.5714,0.5357,3.0,0.4928,0.3778,1.0,0.4638,0.4531,9.0,0,1,Delhi Capitals,Sunrisers Hyderabad,2022
0.4286,0.4286,0.0,0.3571,0.6,1.0,0.48,0.381,1.0,0.5429,0.4842,11.0,1,0,Punjab Kings,Rajasthan Royals,2022
0.4667,0.4545,0.0,0.4619,0.4948,13.0,0.4928,0.3778,1.0,0.4638,0.4531,9.0,1,1,Royal Challengers Bangalore,Sunrisers Hyderabad,2022
0.6031,0.5745,4.0,0.5309,0.6505,11.0,0.5306,0.5306,0.0,0.5714,0.5357,3.0,0,1,Chennai Super Kings,Delhi Capitals,2022
0.512,0.4667,2.0,0.5072,0.5566,13.0,0.576,0.6087,5.0,0.5253,0.5789,13.0,0,1,Kolkata Knight Riders,Mumbai Indians,2022
0.48,0.381,1.0,0.5429,0.4842,11.0,0.5306,0.5306,0.0,0.5714,0.5357,3.0,0,0,Rajasthan Royals,Delhi Capitals,2022
0.6031,0.5745,4.0,0.5309,0.6505,11.0,0.576,0.6087,5.0,0.5253,0.5789,13.0,0,0,Chennai Super Kings,Mumbai Indians,2022
0.4286,0.4286,0.0,0.3571,0.6,1.0,0.4667,0.4545,0.0,0.4619,0.4948,13.0,0,1,Punjab Kings,Royal Challengers Bangalore,2022
0.512,0.4667,2.0,0.5072,0.5566,13.0,0.4928,0.3778,1.0,0.4638,0.4531,9.0,1,1,Kolkata Knight Riders,Sunrisers Hyderabad,2022
0.5306,0.5306,0.0,0.5714,0.5357,3.0,0.4286,0.4286,0.0,0.3571,0.6,1.0,0,1,Delhi Capitals,Punjab Kings,2022
0.4928,0.3778,1.0,0.4638,0.4531,9.0,0.576,0.6087,5.0,0.5253,0.5789,13.0,0,1,Sunrisers Hyderabad,Mumbai Indians,2022
0.6031,0.5745,4.0,0.5309,0.6505,11.0,0.48,0.381,1.0,0.5429,0.4842,11.0,1,0,Chennai Super Kings,Rajasthan Royals,2022
0.5306,0.5306,0.0,0.5714,0.5357,3.0,0.576,0.6087,5.0,0.5253,0.5789,13.0,0,0,Delhi Capitals,Mumbai Indians,2022
0.4928,0.3778,1.0,0.4638,0.4531,9.0,0.4286,0.4286,0.0,0.3571,0.6,1.0,1,0,Sunrisers Hyderabad,Punjab Kings,2022
0.4667,0.4545,0.0,0.4619,0.4948,13.0,0.48,0.381,1.0,0.5429,0.4842,11.0,0,0,Royal Challengers Bangalore,Rajasthan Royals,2022
0.5817,0.4773,4.0,0.524,0.6239,12.0,0.75,0.75,1.0,0.625,0.7,1.0,0,0,Chennai Super Kings,Gujarat Titans,2023
0.4643,0.4643,0.0,0.3214,0.4444,2.0,0.5067,0.4667,2.0,0.5112,0.5614,14.0,0,1,Punjab Kings,Kolkata Knight Riders,2023
0.6,0.6,0.0,0.4667,0.5714,1.0,0.5238,0.5106,0.0,0.5714,0.5278,4.0,0,1,Lucknow Super Giants,Delhi Capitals,2023
0.4896,0.4667,1.0,0.5156,0.4848,12.0,0.4868,0.3864,1.0,0.4868,0.4595,10.0,0,1,Rajasthan Royals,Sunrisers Hyderabad,2023
0.5584,0.5,5.0,0.5325,0.561,14.0,0.4735,0.5217,0.0,0.4646,0.4952,14.0,0,0,Mumbai Indians,Royal Challengers Bangalore,2023
0.5817,0.4773,4.0,0.524,0.6239,12.0,0.6,0.6,0.0,0.4667,0.5714,1.0,0,1,Chennai Super Kings,Lucknow Super Giants,2023
0.5238,0.5106,0.0,0.5714,0.5278,4.0,0.75,0.75,1.0,0.625,0.7,1.0,0,0,Delhi Capitals,Gujarat Titans,2023
0.4643,0.4643,0.0,0.3214,0.4444,2.0,0.4896,0.4667,1.0,0.5156,0.4848,12.0,0,1,Punjab Kings,Rajasthan Royals,2023
0.5067,0.4667,2.0,0.5112,0.5614,14.0,0.4735,0.5217,0.0,0.4646,0.4952,14.0,0,1,Kolkata Knight Riders,Royal Challengers Bangalore,2023
0.4868,0.3864,1.0,0.4868,0.4595,10.0,0.6,0.6,0.0,0.4667,0.5714,1.0,1,0,Sunrisers Hyderabad,Lucknow Super Giants,2023
0.4896,0.4667,1.0,0.5156,0.4848,12.0,0.5238,0.5106,0.0,0.5714,0.5278,4.0,0,1,Rajasthan Royals,Delhi Capitals,2023
0.5584,0.5,5.0,0.5325,0.561,14.0,0.5817,0.4773,4.0,0.524,0.6239,12.0,0,0,Mumbai Indians,Chennai Super Kings,2023
0.75,0.75,1.0,0.625,0.7,1.0,0.5067,0.4667,2.0,0.5112,0.5614,14.0,1,0,Gujarat Titans,Kolkata Knight Riders,2023
0.4643,0.4643,0.0,0.3214,0.4444,2.0,0.4868,0.3864,1.0,0.4868,0.4595,10.0,0,0,Punjab Kings,Sunrisers Hyderabad,2023
0.4735,0.5217,0.0,0.4646,0.4952,14.0,0.6,0.6,0.0,0.4667,0.5714,1.0,0,0,Royal Challengers Bangalore,Lucknow Super Giants,2023
0.5238,0.5106,0.0,0.5714,0.5278,4.0,0.5584,0.5,5.0,0.5325,0.561,14.0,0,0,Delhi Capitals,Mumbai Indians,2023
0.4896,0.4667,1.0,0.5156,0.4848,12.0,0.5817,0.4773,4.0,0.524,0.6239,12.0,0,1,Rajasthan Royals,Chennai Super Kings,2023
0.4643,0.4643,0.0,0.3214,0.4444,2.0,0.75,0.75,1.0,0.625,0.7,1.0,0,0,Punjab Kings,Gujarat Titans,2023
0.4868,0.3864,1.0,0.4868,0.4595,10.0,0.5067,0.4667,2.0,0.5112,0.5614,14.0,0,1,Sunrisers Hyderabad,Kolkata Knight Riders,2023
0.4735,0.5217,0.0,0.4646,0.4952,14.0,0.5238,0.5106,0.0,0.5714,0.5278,4.0,0,1,Royal Challengers Bangalore,Delhi Capitals,2023
0.6,0.6,0.0,0.4667,0.5714,1.0,0.4643,0.4643,0.0,0.3214,0.4444,2.0,0,0,Lucknow Super Giants,Punjab Kings,2023
0.5067,0.4667,2.0,0.5112,0.5614,14.0,0.5584,0.5,5.0,0.5325,0.561,14.0,0,0,Kolkata Knight Riders,Mumbai Indians,2023
0.75,0.75,1.0,0.625,0.7,1.0,0.4896,0.4667,1.0,0.5156,0.4848,12.0,0,0,Gujarat Titans,Rajasthan Royals,2023
0.5817,0.4773,4.0,0.524,0.6239,12.0,0.4735,0.5217,0.0,0.4646,0.4952,14.0,0,1,Chennai Super Kings,Royal Challengers Bangalore,2023
0.5584,0.5,5.0,0.5325,0.561,14.0,0.4868,0.3864,1.0,0.4868,0.4595,10.0,0,1,Mumbai Indians,Sunrisers Hyderabad,2023
0.6,0.6,0.0,0.4667,0.5714,1.0,0.4896,0.4667,1.0,0.5156,0.4848,12.0,0,1,Lucknow Super Giants,Rajasthan Royals,2023
0.4735,0.5217,0.0,0.4646,0.4952,14.0,0.4643,0.4643,0.0,0.3214,0.4444,2.0,0,1,Royal Challengers Bangalore,Punjab Kings,2023
0.5067,0.4667,2.0,0.5112,0.5614,14.0,0.5238,0.5106,0.0,0.5714,0.5278,4.0,0,0,Kolkata Knight Riders,Delhi Capitals,2023
0.4868,0.3864,1.0,0.4868,0.4595,10.0,0.5817,0.4773,4.0,0.524,0.6239,12.0,0,0,Sunrisers Hyderabad,Chennai Super Kings,2023
0.75,0.75,1.0,0.625,0.7,1.0,0.6,0.6,0.0,0.4667,0.5714,1.0,1,1,Gujarat Titans,Lucknow Super Giants,2023
0.4643,0.4643,0.0,0.3214,0.4444,2.0,0.5584,0.5,5.0,0.5325,0.561,14.0,0,1,Punjab Kings,Mumbai Indians,2023
0.4735,0.5217,0.0,0.4646,0.4952,14.0,0.4896,0.4667,1.0,0.5156,0.4848,12.0,0,1,Royal Challengers Bangalore,Rajasthan Royals,2023
0.5817,0.4773,4.0,0.524,0.6239,12.0,0.5067,0.4667,2.0,0.5112,0.5614,14.0,0,1,Chennai Super Kings,Kolkata Knight Riders,2023
0.5238,0.5106,0.0,0.5714,0.5278,4.0,0.4868,0.3864,1.0,0.4868,0.4595,10.0,1,1,Delhi Capitals,Sunrisers Hyderabad,2023
0.75,0.75,1.0,0.625,0.7,1.0,0.5584,0.5,5.0,0.5325,0.561,14.0,0,1,Gujarat Titans,Mumbai Indians,2023
0.5067,0.4667,2.0,0.5112,0.5614,14.0,0.4735,0.5217,0.0,0.4646,0.4952,14.0,0,1,Kolkata Knight Riders,Royal Challengers Bangalore,2023
0.4896,0.4667,1.0,0.5156,0.4848,12.0,0.5817,0.4773,4.0,0.524,0.6239,12.0,1,1,Rajasthan Royals,Chennai Super Kings,2023
0.6,0.6,0.0,0.4667,0.5714,1.0,0.4643,0.4643,0.0,0.3214,0.4444,2.0,0,1,Lucknow Super Giants,Punjab Kings,2023
0.5067,0.4667,2.0,0.5112,0.5614,14.0,0.75,0.75,1.0,0.625,0.7,1.0,0,0,Kolkata Knight Riders,Gujarat Titans,2023
0.4868,0.3864,1.0,0.4868,0.4595,10.0,0.5238,0.5106,0.0,0.5714,0.5278,4.0,1,1,Sunrisers Hyderabad,Delhi Capitals,2023
0.5817,0.4773,4.0,0.524,0.6239,12.0,0.4643,0.4643,0.0,0.3214,0.4444,2.0,1,0,Chennai Super Kings,Punjab Kings,2023
0.4896,0.4667,1.0,0.5156,0.4848,12.0,0.5584,0.5,5.0,0.5325,0.561,14.0,1,0,Rajasthan Royals,Mumbai Indians,2023
0.4735,0.5217,0.0,0.4646,0.4952,14.0,0.6,0.6,0.0,0.4667,0.5714,1.0,1,1,Royal Challengers Bangalore,Lucknow Super Giants,2023
0.5238,0.5106,0.0,0.5714,0.5278,4.0,0.75,0.75,1.0,0.625,0.7,1.0,1,1,Delhi Capitals,Gujarat Titans,2023
0.6,0.6,0.0,0.4667,0.5714,1.0,0.5817,0.4773,4.0,0.524,0.6239,12.0,0,0,Lucknow Super Giants,Chennai Super Kings,2023
0.4643,0.4643,0.0,0.3214,0.4444,2.0,0.5584,0.5,5.0,0.5325,0.561,14.0,0,0,Punjab Kings,Mumbai Indians,2023
0.5067,0.4667,2.0,0.5112,0.5614,14.0,0.4868,0.3864,1.0,0.4868,0.4595,10.0,1,1,Kolkata Knight Riders,Sunrisers Hyderabad,2023
0.4896,0.4667,1.0,0.5156,0.4848,12.0,0.75,0.75,1.0,0.625,0.7,1.0,1,0,Rajasthan Royals,Gujarat Titans,2023
0.5584,0.5,5.0,0.5325,0.561,14.0,0.5817,0.4773,4.0,0.524,0.6239,12.0,0,0,Mumbai Indians,Chennai Super Kings,2023
0.4735,0.5217,0.0,0.4646,0.4952,14.0,0.5238,0.5106,0.0,0.5714,0.5278,4.0,1,0,Royal Challengers Bangalore,Delhi Capitals,2023
0.75,0.75,1.0,0.625,0.7,1.0,0.6,0.6,0.0,0.4667,0.5714,1.0,0,1,Gujarat Titans,Lucknow Super Giants,2023
0.4896,0.4667,1.0,0.5156,0.4848,12.0,0.4868,0.3864,1.0,0.4868,0.4595,10.0,1,0,Rajasthan Royals,Sunrisers Hyderabad,2023
0.4643,0.4643,0.0,0.3214,0.4444,2.0,0.5067,0.4667,2.0,0.5112,0.5614,14.0,1,0,Punjab Kings,Kolkata Knight Riders,2023
0.4735,0.5217,0.0,0.4646,0.4952,14.0,0.5584,0.5,5.0,0.5325,0.561,14.0,0,0,Royal Challengers Bangalore,Mumbai Indians,2023
0.5817,0.4773,4.0,0.524,0.6239,12.0,0.5238,0.5106,0.0,0.5714,0.5278,4.0,1,1,Chennai Super Kings,Delhi Capitals,2023
0.5067,0.4667,2.0,0.5112,0.5614,14.0,0.4896,0.4667,1.0,0.5156,0.4848,12.0,0,0,Kolkata Knight Riders,Rajasthan Royals,2023
0.5584,0.5,5.0,0.5325,0.561,14.0,0.75,0.75,1.0,0.625,0.7,1.0,0,1,Mumbai Indians,Gujarat Titans,2023
0.4868,0.3864,1.0,0.4868,0.4595,10.0,0.6,0.6,0.0,0.4667,0.5714,1.0,1,0,Sunrisers Hyderabad,Lucknow Super Giants,2023
0.4643,0.4643,0.0,0.3214,0.4444,2.0,0.5238,0.5106,0.0,0.5714,0.5278,4.0,0,1,Punjab Kings,Delhi Capitals,2023
0.4735,0.5217,0.0,0.4646,0.4952,14.0,0.4896,0.4667,1.0,0.5156,0.4848,12.0,1,1,Royal Challengers Bangalore,Rajasthan Royals,2023
0.5817,0.4773,4.0,0.524,0.6239,12.0,0.5067,0.4667,2.0,0.5112,0.5614,14.0,1,0,Chennai Super Kings,Kolkata Knight Riders,2023
0.75,0.75,1.0,0.625,0.7,1.0,0.4868,0.3864,1.0,0.4868,0.4595,10.0,0,1,Gujarat Titans,Sunrisers Hyderabad,2023
0.6,0.6,0.0,0.4667,0.5714,1.0,0.5584,0.5,5.0,0.5325,0.561,14.0,0,1,Lucknow Super Giants,Mumbai Indians,2023
0.5238,0.5106,0.0,0.5714,0.5278,4.0,0.4643,0.4643,0.0,0.3214,0.4444,2.0,0,1,Delhi Capitals,Punjab Kings,2023
0.4868,0.3864,1.0,0.4868,0.4595,10.0,0.4735,0.5217,0.0,0.4646,0.4952,14.0,0,0,Sunrisers Hyderabad,Royal Challengers Bangalore,2023
0.4643,0.4643,0.0,0.3214,0.4444,2.0,0.4896,0.4667,1.0,0.5156,0.4848,12.0,0,0,Punjab Kings,Rajasthan Royals,2023
0.5817,0.4773,4.0,0.524,0.6239,12.0,0.5238,0.5106,0.0,0.5714,0.5278,4.0,1,1,Chennai Super Kings,Delhi Capitals,2023
0.6,0.6,0.0,0.4667,0.5714,1.0,0.5067,0.4667,2.0,0.5112,0.5614,14.0,0,1,Lucknow Super Giants,Kolkata Knight Riders,2023
0.4868,0.3864,1.0,0.4868,0.4595,10.0,0.5584,0.5,5.0,0.5325,0.561,14.0,0,0,Sunrisers Hyderabad,Mumbai Indians,2023
0.4735,0.5217,0.0,0.4646,0.4952,14.0,0.75,0.75,1.0,0.625,0.7,1.0,0,0,Royal Challengers Bangalore,Gujarat Titans,2023
0.5817,0.4773,4.0,0.524,0.6239,12.0,0.75,0.75,1.0,0.625,0.7,1.0,0,1,Chennai Super Kings,Gujarat Titans,2023
0.5584,0.5,5.0,0.5325,0.561,14.0,0.6,0.6,0.0,0.4667,0.5714,1.0,1,1,Mumbai Indians,Lucknow Super Giants,2023
0.75,0.75,1.0,0.625,0.7,1.0,0.5584,0.5,5.0,0.5325,0.561,14.0,0,1,Gujarat Titans,Mumbai Indians,2023
0.75,0.75,1.0,0.625,0.7,1.0,0.5817,0.4773,4.0,0.524,0.6239,12.0,0,0,Gujarat Titans,Chennai Super Kings,2023
0.4935,0.4773,0.0,0.5584,0.5116,5.0,0.4524,0.4524,0.0,0.3333,0.3571,3.0,0,0,Delhi Capitals,Punjab Kings,2024
0.5021,0.4667,2.0,0.5021,0.5462,15.0,0.4699,0.3095,1.0,0.488,0.4444,11.0,0,1,Kolkata Knight Riders,Sunrisers Hyderabad,2024
0.4903,0.4889,1.0,0.5291,0.4771,13.0,0.5667,0.5667,0.0,0.3333,0.5,2.0,1,1,Rajasthan Royals,Lucknow Super Giants,2024
0.697,0.697,1.0,0.5758,0.6842,2.0,0.5587,0.4545,5.0,0.5385,0.5639,15.0,0,1,Gujarat Titans,Mumbai Indians,2024
0.5848,0.5435,5.0,0.5312,0.6218,13.0,0.697,0.697,1.0,0.5758,0.6842,2.0,0,1,Chennai Super Kings,Gujarat Titans,2024
0.4699,0.3095,1.0,0.488,0.4444,11.0,0.5587,0.4545,5.0,0.5385,0.5639,15.0,0,1,Sunrisers Hyderabad,Mumbai Indians,2024
0.4903,0.4889,1.0,0.5291,0.4771,13.0,0.4935,0.4773,0.0,0.5584,0.5116,5.0,0,1,Rajasthan Royals,Delhi Capitals,2024
0.5667,0.5667,0.0,0.3333,0.5,2.0,0.4524,0.4524,0.0,0.3333,0.3571,3.0,1,1,Lucknow Super Giants,Punjab Kings,2024
0.4699,0.3095,1.0,0.488,0.4444,11.0,0.697,0.697,1.0,0.5758,0.6842,2.0,1,0,Sunrisers Hyderabad,Gujarat Titans,2024
0.4935,0.4773,0.0,0.5584,0.5116,5.0,0.5848,0.5435,5.0,0.5312,0.6218,13.0,1,1,Delhi Capitals,Chennai Super Kings,2024
0.5587,0.4545,5.0,0.5385,0.5639,15.0,0.4903,0.4889,1.0,0.5291,0.4771,13.0,0,0,Mumbai Indians,Rajasthan Royals,2024
0.5021,0.4667,2.0,0.5021,0.5462,15.0,0.4935,0.4773,0.0,0.5584,0.5116,5.0,1,1,Kolkata Knight Riders,Delhi Capitals,2024
0.697,0.697,1.0,0.5758,0.6842,2.0,0.4524,0.4524,0.0,0.3333,0.3571,3.0,0,0,Gujarat Titans,Punjab Kings,2024
0.5848,0.5435,5.0,0.5312,0.6218,13.0,0.4699,0.3095,1.0,0.488,0.4444,11.0,0,0,Chennai Super Kings,Sunrisers Hyderabad,2024
0.5587,0.4545,5.0,0.5385,0.5639,15.0,0.4935,0.4773,0.0,0.5584,0.5116,5.0,0,1,Mumbai Indians,Delhi Capitals,2024
0.5667,0.5667,0.0,0.3333,0.5,2.0,0.697,0.697,1.0,0.5758,0.6842,2.0,1,1,Lucknow Super Giants,Gujarat Titans,2024
0.5021,0.4667,2.0,0.5021,0.5462,15.0,0.5848,0.5435,5.0,0.5312,0.6218,13.0,0,0,Kolkata Knight Riders,Chennai Super Kings,2024
0.4699,0.3095,1.0,0.488,0.4444,11.0,0.4524,0.4524,0.0,0.3333,0.3571,3.0,0,1,Sunrisers Hyderabad,Punjab Kings,2024
0.4903,0.4889,1.0,0.5291,0.4771,13.0,0.697,0.697,1.0,0.5758,0.6842,2.0,0,0,Rajasthan Royals,Gujarat Titans,2024
0.5667,0.5667,0.0,0.3333,0.5,2.0,0.4935,0.4773,0.0,0.5584,0.5116,5.0,1,0,Lucknow Super Giants,Delhi Capitals,2024
0.4524,0.4524,0.0,0.3333,0.3571,3.0,0.4903,0.4889,1.0,0.5291,0.4771,13.0,0,0,Punjab Kings,Rajasthan Royals,2024
0.5667,0.5667,0.0,0.3333,0.5,2.0,0.5021,0.4667,2.0,0.5021,0.5462,15.0,0,0,Lucknow Super Giants,Kolkata Knight Riders,2024
0.5848,0.5435,5.0,0.5312,0.6218,13.0,0.5587,0.4545,5.0,0.5385,0.5639,15.0,0,1,Chennai Super Kings,Mumbai Indians,2024
0.5021,0.4667,2.0,0.5021,0.5462,15.0,0.4903,0.4889,1.0,0.5291,0.4771,13.0,0,0,Kolkata Knight Riders,Rajasthan Royals,2024
0.697,0.697,1.0,0.5758,0.6842,2.0,0.4935,0.4773,0.0,0.5584,0.5116,5.0,0,0,Gujarat Titans,Delhi Capitals,2024
0.5587,0.4545,5.0,0.5385,0.5639,15.0,0.4524,0.4524,0.0,0.3333,0.3571,3.0,0,1,Mumbai Indians,Punjab Kings,2024
0.5848,0.5435,5.0,0.5312,0.6218,13.0,0.5667,0.5667,0.0,0.3333,0.5,2.0,0,0,Chennai Super Kings,Lucknow Super Giants,2024
0.4699,0.3095,1.0,0.488,0.4444,11.0,0.4935,0.4773,0.0,0.5584,0.5116,5.0,0,1,Sunrisers Hyderabad,Delhi Capitals,2024
0.4524,0.4524,0.0,0.3333,0.3571,3.0,0.697,0.697,1.0,0.5758,0.6842,2.0,1,0,Punjab Kings,Gujarat Titans,2024
0.5587,0.4545,5.0,0.5385,0.5639,15.0,0.4903,0.4889,1.0,0.5291,0.4771,13.0,1,0,Mumbai Indians,Rajasthan Royals,2024
0.5848,0.5435,5.0,0.5312,0.6218,13.0,0.5667,0.5667,0.0,0.3333,0.5,2.0,0,0,Chennai Super Kings,Lucknow Super Giants,2024
0.4935,0.4773,0.0,0.5584,0.5116,5.0,0.697,0.697,1.0,0.5758,0.6842,2.0,0,1,Delhi Capitals,Gujarat Titans,2024
0.5021,0.4667,2.0,0.5021,0.5462,15.0,0.4524,0.4524,0.0,0.3333,0.3571,3.0,0,0,Kolkata Knight Riders,Punjab Kings,2024
0.4935,0.4773,0.0,0.5584,0.5116,5.0,0.5587,0.4545,5.0,0.5385,0.5639,15.0,0,1,Delhi Capitals,Mumbai Indians,2024
0.5667,0.5667,0.0,0.3333,0.5,2.0,0.4903,0.4889,1.0,0.5291,0.4771,13.0,0,0,Lucknow Super Giants,Rajasthan Royals,2024
0.5848,0.5435,5.0,0.5312,0.6218,13.0,0.4699,0.3095,1.0,0.488,0.4444,11.0,0,1,Chennai Super Kings,Sunrisers Hyderabad,2024
0.4935,0.4773,0.0,0.5584,0.5116,5.0,0.5021,0.4667,2.0,0.5021,0.5462,15.0,1,0,Delhi Capitals,Kolkata Knight Riders,2024
0.5587,0.4545,5.0,0.5385,0.5639,15.0,0.5667,0.5667,0.0,0.3333,0.5,2.0,0,0,Mumbai Indians,Lucknow Super Giants,2024
0.5848,0.5435,5.0,0.5312,0.6218,13.0,0.4524,0.4524,0.0,0.3333,0.3571,3.0,0,0,Chennai Super Kings,Punjab Kings,2024
0.4699,0.3095,1.0,0.488,0.4444,11.0,0.4903,0.4889,1.0,0.5291,0.4771,13.0,1,1,Sunrisers Hyderabad,Rajasthan Royals,2024
0.5021,0.4667,2.0,0.5021,0.5462,15.0,0.5587,0.4545,5.0,0.5385,0.5639,15.0,0,1,Kolkata Knight Riders,Mumbai Indians,2024
0.5848,0.5435,5.0,0.5312,0.6218,13.0,0.4524,0.4524,0.0,0.3333,0.3571,3.0,0,1,Chennai Super Kings,Punjab Kings,2024
0.5021,0.4667,2.0,0.5021,0.5462,15.0,0.5667,0.5667,0.0,0.3333,0.5,2.0,0,1,Kolkata Knight Riders,Lucknow Super Giants,2024
0.4699,0.3095,1.0,0.488,0.4444,11.0,0.5587,0.4545,5.0,0.5385,0.5639,15.0,0,0,Sunrisers Hyderabad,Mumbai Indians,2024
0.4935,0.4773,0.0,0.5584,0.5116,5.0,0.4903,0.4889,1.0,0.5291,0.4771,13.0,0,1,Delhi Capitals,Rajasthan Royals,2024
0.5667,0.5667,0.0,0.3333,0.5,2.0,0.4699,0.3095,1.0,0.488,0.4444,11.0,1,0,Lucknow Super Giants,Sunrisers Hyderabad,2024
0.697,0.697,1.0,0.5758,0.6842,2.0,0.5848,0.5435,5.0,0.5312,0.6218,13.0,0,1,Gujarat Titans,Chennai Super Kings,2024
0.5021,0.4667,2.0,0.5021,0.5462,15.0,0.5587,0.4545,5.0,0.5385,0.5639,15.0,0,1,Kolkata Knight Riders,Mumbai Indians,2024
0.4903,0.4889,1.0,0.5291,0.4771,13.0,0.5848,0.5435,5.0,0.5312,0.6218,13.0,1,0,Rajasthan Royals,Chennai Super Kings,2024
0.4935,0.4773,0.0,0.5584,0.5116,5.0,0.5667,0.5667,0.0,0.3333,0.5,2.0,0,1,Delhi Capitals,Lucknow Super Giants,2024
0.4903,0.4889,1.0,0.5291,0.4771,13.0,0.4524,0.4524,0.0,0.3333,0.3571,3.0,1,0,Rajasthan Royals,Punjab Kings,2024
0.5667,0.5667,0.0,0.3333,0.5,2.0,0.5587,0.4545,5.0,0.5385,0.5639,15.0,0,1,Lucknow Super Giants,Mumbai Indians,2024
0.4524,0.4524,0.0,0.3333,0.3571,3.0,0.4699,0.3095,1.0,0.488,0.4444,11.0,1,0,Punjab Kings,Sunrisers Hyderabad,2024
0.4699,0.3095,1.0,0.488,0.4444,11.0,0.5021,0.4667,2.0,0.5021,0.5462,15.0,1,0,Sunrisers Hyderabad,Kolkata Knight Riders,2024
0.4699,0.3095,1.0,0.488,0.4444,11.0,0.4903,0.4889,1.0,0.5291,0.4771,13.0,0,1,Sunrisers Hyderabad,Rajasthan Royals,2024
0.4699,0.3095,1.0,0.488,0.4444,11.0,0.5021,0.4667,2.0,0.5021,0.5462,15.0,1,0,Sunrisers Hyderabad,Kolkata Knight Riders,2024
0.5179,0.5476,3.0,0.4861,0.5574,16.0,0.4667,0.4667,0.0,0.5333,0.5,1.0,0,0,Kolkata Knight Riders,Royal Challengers Bengaluru,2025
0.478,0.4318,1.0,0.4835,0.4318,12.0,0.4977,0.5652,1.0,0.543,0.4917,14.0,0,1,Sunrisers Hyderabad,Rajasthan Royals,2025
0.5441,0.3864,5.0,0.5479,0.5385,16.0,0.5798,0.4773,5.0,0.5126,0.6148,14.0,0,0,Mumbai Indians,Chennai Super Kings,2025
0.5455,0.5455,0.0,0.4318,0.5263,3.0,0.4945,0.4524,0.0,0.5495,0.48,6.0,0,0,Lucknow Super Giants,Delhi Capitals,2025
0.4286,0.4286,0.0,0.4286,0.375,4.0,0.6222,0.6222,1.0,0.4889,0.6364,3.0,0,1,Punjab Kings,Gujarat Titans,2025
0.4977,0.5652,1.0,0.543,0.4917,14.0,0.5179,0.5476,3.0,0.4861,0.5574,16.0,0,0,Rajasthan Royals,Kolkata Knight Riders,2025
0.478,0.4318,1.0,0.4835,0.4318,12.0,0.5455,0.5455,0.0,0.4318,0.5263,3.0,0,0,Sunrisers Hyderabad,Lucknow Super Giants,2025
0.4667,0.4667,0.0,0.5333,0.5,1.0,0.5798,0.4773,5.0,0.5126,0.6148,14.0,0,1,Royal Challengers Bengaluru,Chennai Super Kings,2025
0.6222,0.6222,1.0,0.4889,0.6364,3.0,0.5441,0.3864,5.0,0.5479,0.5385,16.0,0,1,Gujarat Titans,Mumbai Indians,2025
0.478,0.4318,1.0,0.4835,0.4318,12.0,0.4945,0.4524,0.0,0.5495,0.48,6.0,1,0,Sunrisers Hyderabad,Delhi Capitals,2025
0.4977,0.5652,1.0,0.543,0.4917,14.0,0.5798,0.4773,5.0,0.5126,0.6148,14.0,0,1,Rajasthan Royals,Chennai Super Kings,2025
0.5179,0.5476,3.0,0.4861,0.5574,16.0,0.5441,0.3864,5.0,0.5479,0.5385,16.0,0,0,Kolkata Knight Riders,Mumbai Indians,2025
0.5455,0.5455,0.0,0.4318,0.5263,3.0,0.4286,0.4286,0.0,0.4286,0.375,4.0,0,0,Lucknow Super Giants,Punjab Kings,2025
0.4667,0.4667,0.0,0.5333,0.5,1.0,0.6222,0.6222,1.0,0.4889,0.6364,3.0,0,0,Royal Challengers Bengaluru,Gujarat Titans,2025
0.5179,0.5476,3.0,0.4861,0.5574,16.0,0.478,0.4318,1.0,0.4835,0.4318,12.0,0,1,Kolkata Knight Riders,Sunrisers Hyderabad,2025
0.5455,0.5455,0.0,0.4318,0.5263,3.0,0.5441,0.3864,5.0,0.5479,0.5385,16.0,0,1,Lucknow Super Giants,Mumbai Indians,2025
0.4945,0.4524,0.0,0.5495,0.48,6.0,0.5798,0.4773,5.0,0.5126,0.6148,14.0,1,1,Delhi Capitals,Chennai Super Kings,2025
0.4977,0.5652,1.0,0.543,0.4917,14.0,0.4286,0.4286,0.0,0.4286,0.375,4.0,0,1,Rajasthan Royals,Punjab Kings,2025
0.5455,0.5455,0.0,0.4318,0.5263,3.0,0.5179,0.5476,3.0,0.4861,0.5574,16.0,0,1,Lucknow Super Giants,Kolkata Knight Riders,2025
0.478,0.4318,1.0,0.4835,0.4318,12.0,0.6222,0.6222,1.0,0.4889,0.6364,3.0,0,0,Sunrisers Hyderabad,Gujarat Titans,2025
0.4667,0.4667,0.0,0.5333,0.5,1.0,0.5441,0.3864,5.0,0.5479,0.5385,16.0,0,1,Royal Challengers Bengaluru,Mumbai Indians,2025
0.4286,0.4286,0.0,0.4286,0.375,4.0,0.5798,0.4773,5.0,0.5126,0.6148,14.0,1,1,Punjab Kings,Chennai Super Kings,2025
0.6222,0.6222,1.0,0.4889,0.6364,3.0,0.4977,0.5652,1.0,0.543,0.4917,14.0,0,1,Gujarat Titans,Rajasthan Royals,2025
0.4667,0.4667,0.0,0.5333,0.5,1.0,0.4945,0.4524,0.0,0.5495,0.48,6.0,0,0,Royal Challengers Bengaluru,Delhi Capitals,2025
0.5798,0.4773,5.0,0.5126,0.6148,14.0,0.5179,0.5476,3.0,0.4861,0.5574,16.0,0,0,Chennai Super Kings,Kolkata Knight Riders,2025
0.6222,0.6222,1.0,0.4889,0.6364,3.0,0.5455,0.5455,0.0,0.4318,0.5263,3.0,0,0,Gujarat Titans,Lucknow Super Giants,2025
0.4286,0.4286,0.0,0.4286,0.375,4.0,0.478,0.4318,1.0,0.4835,0.4318,12.0,1,0,Punjab Kings,Sunrisers Hyderabad,2025
0.4977,0.5652,1.0,0.543,0.4917,14.0,0.4667,0.4667,0.0,0.5333,0.5,1.0,0,0,Rajasthan Royals,Royal Challengers Bengaluru,2025
0.5441,0.3864,5.0,0.5479,0.5385,16.0,0.4945,0.4524,0.0,0.5495,0.48,6.0,0,1,Mumbai Indians,Delhi Capitals,2025
0.5455,0.5455,0.0,0.4318,0.5263,3.0,0.5798,0.4773,5.0,0.5126,0.6148,14.0,0,0,Lucknow Super Giants,Chennai Super Kings,2025
0.4286,0.4286,0.0,0.4286,0.375,4.0,0.5179,0.5476,3.0,0.4861,0.5574,16.0,1,1,Punjab Kings,Kolkata Knight Riders,2025
0.4945,0.4524,0.0,0.5495,0.48,6.0,0.4977,0.5652,1.0,0.543,0.4917,14.0,0,0,Delhi Capitals,Rajasthan Royals,2025
0.478,0.4318,1.0,0.4835,0.4318,12.0,0.5441,0.3864,5.0,0.5479,0.5385,16.0,0,0,Sunrisers Hyderabad,Mumbai Indians,2025
0.4667,0.4667,0.0,0.5333,0.5,1.0,0.4286,0.4286,0.0,0.4286,0.375,4.0,0,0,Royal Challengers Bengaluru,Punjab Kings,2025
0.4945,0.4524,0.0,0.5495,0.48,6.0,0.6222,0.6222,1.0,0.4889,0.6364,3.0,0,0,Delhi Capitals,Gujarat Titans,2025
0.5455,0.5455,0.0,0.4318,0.5263,3.0,0.4977,0.5652,1.0,0.543,0.4917,14.0,1,1,Lucknow Super Giants,Rajasthan Royals,2025
0.4286,0.4286,0.0,0.4286,0.375,4.0,0.4667,0.4667,0.0,0.5333,0.5,1.0,0,0,Punjab Kings,Royal Challengers Bengaluru,2025
0.5798,0.4773,5.0,0.5126,0.6148,14.0,0.5441,0.3864,5.0,0.5479,0.5385,16.0,0,0,Chennai Super Kings,Mumbai Indians,2025
0.6222,0.6222,1.0,0.4889,0.6364,3.0,0.5179,0.5476,3.0,0.4861,0.5574,16.0,0,1,Gujarat Titans,Kolkata Knight Riders,2025
0.5455,0.5455,0.0,0.4318,0.5263,3.0,0.4945,0.4524,0.0,0.5495,0.48,6.0,0,0,Lucknow Super Giants,Delhi Capitals,2025
0.478,0.4318,1.0,0.4835,0.4318,12.0,0.5441,0.3864,5.0,0.5479,0.5385,16.0,0,0,Sunrisers Hyderabad,Mumbai Indians,2025
0.4667,0.4667,0.0,0.5333,0.5,1.0,0.4977,0.5652,1.0,0.543,0.4917,14.0,0,1,Royal Challengers Bengaluru,Rajasthan Royals,2025
0.5798,0.4773,5.0,0.5126,0.6148,14.0,0.478,0.4318,1.0,0.4835,0.4318,12.0,0,0,Chennai Super Kings,Sunrisers Hyderabad,2025
0.4286,0.4286,0.0,0.4286,0.375,4.0,0.5179,0.5476,3.0,0.4861,0.5574,16.0,1,0,Punjab Kings,Kolkata Knight Riders,2025
0.5441,0.3864,5.0,0.5479,0.5385,16.0,0.5455,0.5455,0.0,0.4318,0.5263,3.0,0,1,Mumbai Indians,Lucknow Super Giants,2025
0.4945,0.4524,0.0,0.5495,0.48,6.0,0.4667,0.4667,0.0,0.5333,0.5,1.0,0,0,Delhi Capitals,Royal Challengers Bengaluru,2025
0.6222,0.6222,1.0,0.4889,0.6364,3.0,0.4977,0.5652,1.0,0.543,0.4917,14.0,0,0,Gujarat Titans,Rajasthan Royals,2025
0.5179,0.5476,3.0,0.4861,0.5574,16.0,0.4945,0.4524,0.0,0.5495,0.48,6.0,0,1,Kolkata Knight Riders,Delhi Capitals,2025
0.5798,0.4773,5.0,0.5126,0.6148,14.0,0.4286,0.4286,0.0,0.4286,0.375,4.0,0,0,Chennai Super Kings,Punjab Kings,2025
0.5441,0.3864,5.0,0.5479,0.5385,16.0,0.4977,0.5652,1.0,0.543,0.4917,14.0,0,1,Mumbai Indians,Rajasthan Royals,2025
0.6222,0.6222,1.0,0.4889,0.6364,3.0,0.478,0.4318,1.0,0.4835,0.4318,12.0,0,1,Gujarat Titans,Sunrisers Hyderabad,2025
0.4667,0.4667,0.0,0.5333,0.5,1.0,0.5798,0.4773,5.0,0.5126,0.6148,14.0,0,1,Royal Challengers Bengaluru,Chennai Super Kings,2025
0.5179,0.5476,3.0,0.4861,0.5574,16.0,0.4977,0.5652,1.0,0.543,0.4917,14.0,1,1,Kolkata Knight Riders,Rajasthan Royals,2025
0.4286,0.4286,0.0,0.4286,0.375,4.0,0.5455,0.5455,0.0,0.4318,0.5263,3.0,0,1,Punjab Kings,Lucknow Super Giants,2025
0.4945,0.4524,0.0,0.5495,0.48,6.0,0.478,0.4318,1.0,0.4835,0.4318,12.0,0,0,Delhi Capitals,Sunrisers Hyderabad,2025
0.5441,0.3864,5.0,0.5479,0.5385,16.0,0.6222,0.6222,1.0,0.4889,0.6364,3.0,0,0,Mumbai Indians,Gujarat Titans,2025
0.5179,0.5476,3.0,0.4861,0.5574,16.0,0.5798,0.4773,5.0,0.5126,0.6148,14.0,1,0,Kolkata Knight Riders,Chennai Super Kings,2025
0.4286,0.4286,0.0,0.4286,0.375,4.0,0.4945,0.4524,0.0,0.5495,0.48,6.0,1,0,Punjab Kings,Delhi Capitals,2025
0.4286,0.4286,0.0,0.4286,0.375,4.0,0.4977,0.5652,1.0,0.543,0.4917,14.0,1,1,Punjab Kings,Rajasthan Royals,2025
0.4945,0.4524,0.0,0.5495,0.48,6.0,0.6222,0.6222,1.0,0.4889,0.6364,3.0,0,0,Delhi Capitals,Gujarat Titans,2025
0.5455,0.5455,0.0,0.4318,0.5263,3.0,0.478,0.4318,1.0,0.4835,0.4318,12.0,0,0,Lucknow Super Giants,Sunrisers Hyderabad,2025
0.5798,0.4773,5.0,0.5126,0.6148,14.0,0.4977,0.5652,1.0,0.543,0.4917,14.0,0,0,Chennai Super Kings,Rajasthan Royals,2025
0.5441,0.3864,5.0,0.5479,0.5385,16.0,0.4945,0.4524,0.0,0.5495,0.48,6.0,0,1,Mumbai Indians,Delhi Capitals,2025
0.5455,0.5455,0.0,0.4318,0.5263,3.0,0.6222,0.6222,1.0,0.4889,0.6364,3.0,0,1,Lucknow Super Giants,Gujarat Titans,2025
0.478,0.4318,1.0,0.4835,0.4318,12.0,0.4667,0.4667,0.0,0.5333,0.5,1.0,0,1,Sunrisers Hyderabad,Royal Challengers Bengaluru,2025
0.5798,0.4773,5.0,0.5126,0.6148,14.0,0.6222,0.6222,1.0,0.4889,0.6364,3.0,1,1,Chennai Super Kings,Gujarat Titans,2025
0.478,0.4318,1.0,0.4835,0.4318,12.0,0.5179,0.5476,3.0,0.4861,0.5574,16.0,1,1,Sunrisers Hyderabad,Kolkata Knight Riders,2025
0.5441,0.3864,5.0,0.5479,0.5385,16.0,0.4286,0.4286,0.0,0.4286,0.375,4.0,0,0,Mumbai Indians,Punjab Kings,2025
0.5455,0.5455,0.0,0.4318,0.5263,3.0,0.4667,0.4667,0.0,0.5333,0.5,1.0,0,0,Lucknow Super Giants,Royal Challengers Bengaluru,2025
0.4286,0.4286,0.0,0.4286,0.375,4.0,0.4667,0.4667,0.0,0.5333,0.5,1.0,0,0,Punjab Kings,Royal Challengers Bengaluru,2025
0.5441,0.3864,5.0,0.5479,0.5385,16.0,0.6222,0.6222,1.0,0.4889,0.6364,3.0,1,1,Mumbai Indians,Gujarat Titans,2025
0.5441,0.3864,5.0,0.5479,0.5385,16.0,0.4286,0.4286,0.0,0.4286,0.375,4.0,0,0,Mumbai Indians,Punjab Kings,2025
0.4667,0.4667,0.0,0.5333,0.5,1.0,0.4286,0.4286,0.0,0.4286,0.375,4.0,0,1,Royal Challengers Bengaluru,Punjab Kings,2025
0.4286,0.4286,0.0,0.4286,0.375,4.0,0.4945,0.4524,0.0,0.5495,0.48,6.0,0,0,Punjab Kings,Delhi Capitals,2025
